bioguide_id,name,state,party,chamber,district,key_vote_score,ideology_score,inverse_ideology_score,p2_combined,coverage_type
S383,Dan Sullivan,AK,R,senate,,0.0,0.7316712278778527,0.26832877212214734,0.107332,both
S288,Lisa Murkowski,AK,R,senate,,0.0,0.5085020041083042,0.49149799589169585,0.196599,both
A000055,Robert B. Aderholt,AL,R,house,4,0.0,0.6535256489711704,0.3464743510288296,0.13859,both
M001212,Barry Moore,AL,R,house,1,0.0,0.8758294332991221,0.1241705667008779,0.049668,both
P000609,Gary J. Palmer,AL,R,house,6,0.0,0.6717926983916678,0.3282073016083322,0.131283,both
R000575,Mike Rogers,AL,R,house,3,0.0,0.6332267962431677,0.3667732037568323,0.146709,both
S001185,Terri A. Sewell,AL,D,house,7,1.0,0.28052519948769644,0.7194748005123035,0.88779,both
S412,Tommy Tuberville,AL,R,senate,,0.0,0.8733486632666839,0.12665133673331608,0.050661,both
C001087,"Eric A. ""Rick"" Crawford",AR,R,house,1,0.0,0.6925715371944997,0.3074284628055003,0.122971,both
H001072,J. French Hill,AR,R,house,2,0.0,0.6397148107791072,0.3602851892208928,0.144114,both
S343,John Boozman,AR,R,senate,,0.0,0.7637802728824525,0.23621972711754746,0.094488,both
S374,Tom Cotton,AR,R,senate,,0.0,0.8861851912962895,0.11381480870371052,0.045526,both
W000821,Bruce Westerman,AR,R,house,4,0.0,0.6581950499617869,0.3418049500382131,0.136722,both
W000809,Steve Womack,AR,R,house,3,0.0,0.6212762752693527,0.3787237247306473,0.151489,both
B001302,Andy Biggs,AZ,R,house,5,0.0,0.815626545493244,0.18437345450675602,0.073749,both
G000574,Ruben Gallego,AZ,D,senate,,1.0,0.4310969401438865,0.5689030598561136,0.827561,both
G000565,Paul A. Gosar,AZ,R,house,9,0.0,0.8031800806880272,0.19681991931197285,0.078728,both
S406,Mark Kelly,AZ,D,senate,,1.0,0.47537644466020024,0.5246235553397998,0.809849,both
S001183,David Schweikert,AZ,R,house,1,0.0,0.5672998318868161,0.4327001681131839,0.17308,both
S001211,Greg Stanton,AZ,D,house,4,1.0,0.35997183837519214,0.6400281616248078,0.856011,both
A000371,Pete Aguilar,CA,D,house,33,1.0,0.24183726988177742,0.7581627301182225,0.903265,both
S413,Alex Padilla,CA,D,senate,,1.0,0.10078204940568498,0.899217950594315,0.959687,both
B001300,Nanette Diaz Barragán,CA,D,house,44,1.0,0.12722175007887074,0.8727782499211293,0.949111,both
B001287,Ami Bera,CA,D,house,6,1.0,0.3393335590234381,0.6606664409765619,0.864267,both
B001285,Julia Brownley,CA,D,house,26,1.0,0.24103128080114317,0.7589687191988568,0.903587,both
C000059,Ken Calvert,CA,R,house,41,0.0,0.6542136321132023,0.34578636788679773,0.138315,both
C001112,Salud O. Carbajal,CA,D,house,24,1.0,0.2994614141277025,0.7005385858722974,0.880215,both
C001080,Judy Chu,CA,D,house,28,1.0,0.1261127657895432,0.8738872342104568,0.949555,both
C001110,J. Luis Correa,CA,D,house,46,1.0,0.34041895696405444,0.6595810430359456,0.863832,both
C001059,Jim Costa,CA,D,house,21,1.0,0.3827245849356345,0.6172754150643656,0.84691,both
D000623,Mark DeSaulnier,CA,D,house,10,1.0,0.14036554299234213,0.8596344570076578,0.943854,both
G000559,John Garamendi,CA,D,house,8,1.0,0.24946592877341636,0.7505340712265837,0.900214,both
G000585,Jimmy Gomez,CA,D,house,34,1.0,0.18870954979983848,0.8112904502001616,0.924516,both
H001090,Josh Harder,CA,D,house,9,1.0,0.4571023498622507,0.5428976501377494,0.817159,both
H001068,Jared Huffman,CA,D,house,2,1.0,0.17689412732255777,0.8231058726774423,0.929242,both
I000056,Darrell Issa,CA,R,house,48,0.0,0.6334020512533883,0.36659794874661167,0.146639,both
J000305,Sara Jacobs,CA,D,house,51,1.0,0.17731880728113747,0.8226811927188625,0.929072,both
K000389,Ro Khanna,CA,D,house,17,1.0,0.20124137270553488,0.7987586272944651,0.919503,both
K000397,Young Kim,CA,R,house,40,0.0,0.5903713609908038,0.4096286390091962,0.163851,both
L000593,Mike Levin,CA,D,house,49,1.0,0.2733682673058759,0.7266317326941241,0.890653,both
L000582,Ted Lieu,CA,D,house,36,1.0,0.20276852499652295,0.797231475003477,0.918893,both
L000397,Zoe Lofgren,CA,D,house,18,1.0,0.2785335288120985,0.7214664711879015,0.888587,both
M001163,Doris O. Matsui,CA,D,house,7,1.0,0.24509328495024651,0.7549067150497535,0.901963,both
M001177,Tom McClintock,CA,R,house,5,0.0,0.6313146581424308,0.3686853418575692,0.147474,both
O000019,Jay Obernolte,CA,R,house,23,0.0,0.6297561561479477,0.37024384385205233,0.148098,both
P000613,Jimmy Panetta,CA,D,house,19,1.0,0.4326116021980656,0.5673883978019344,0.826955,both
P000197,Nancy Pelosi,CA,D,house,11,1.0,0.3332104735898956,0.6667895264101045,0.866716,both
P000608,Scott H. Peters,CA,D,house,50,1.0,0.31384916769381915,0.6861508323061809,0.87446,both
R000599,Raul Ruiz,CA,D,house,25,1.0,0.2916423948403468,0.7083576051596532,0.883343,both
S001150,Adam B. Schiff,CA,D,senate,,1.0,0.30736584641852616,0.6926341535814738,0.877054,both
S000344,Brad Sherman,CA,D,house,32,1.0,0.3004389234146282,0.6995610765853718,0.879824,both
S001156,Linda T. Sánchez,CA,D,house,38,1.0,0.20693994414782657,0.7930600558521734,0.917224,both
T000472,Mark Takano,CA,D,house,39,1.0,0.13287211666146934,0.8671278833385306,0.946851,both
T000460,Mike Thompson,CA,D,house,4,1.0,0.32286148185476954,0.6771385181452305,0.870855,both
T000474,Norma J. Torres,CA,D,house,35,1.0,0.2685547992655861,0.7314452007344139,0.892578,both
V000129,David G. Valadao,CA,R,house,22,0.0,0.6550095178546068,0.3449904821453932,0.137996,both
V000130,Juan Vargas,CA,D,house,52,1.0,0.18813388318667443,0.8118661168133255,0.924746,both
W000187,Maxine Waters,CA,D,house,43,1.0,0.21039160731435574,0.7896083926856443,0.915843,both
B000825,Lauren Boebert,CO,R,house,4,0.0,0.8110802753789594,0.18891972462104056,0.075568,both
C001121,Jason Crow,CO,D,house,6,1.0,0.41935411141166745,0.5806458885883325,0.832258,both
D000197,Diana DeGette,CO,D,house,1,1.0,0.2218123463429192,0.7781876536570809,0.911275,both
S408,John Hickenlooper,CO,D,senate,,1.0,0.406969625325728,0.593030374674272,0.837212,both
S330,Michael Bennet,CO,D,senate,,1.0,0.35938744324190247,0.6406125567580976,0.856245,both
N000191,Joe Neguse,CO,D,house,2,1.0,0.3983671005410856,0.6016328994589144,0.840653,both
S364,Christopher Murphy,CT,D,senate,,1.0,0.19555716221292938,0.8044428377870706,0.921777,both
C001069,Joe Courtney,CT,D,house,2,1.0,0.32626597601527346,0.6737340239847265,0.869494,both
D000216,Rosa L. DeLauro,CT,D,house,3,1.0,0.2519501073129446,0.7480498926870554,0.89922,both
H001081,Jahana Hayes,CT,D,house,5,1.0,0.13859054430807607,0.861409455691924,0.944564,both
H001047,James A. Himes,CT,D,house,4,1.0,0.32479438000736194,0.6752056199926381,0.870082,both
L000557,John B. Larson,CT,D,house,1,1.0,0.2481411895028906,0.7518588104971093,0.900744,both
S341,Richard Blumenthal,CT,D,senate,,1.0,0.07808797946930876,0.9219120205306912,0.968765,both
B001303,Lisa Blunt Rochester,DE,D,senate,,1.0,0.38169450172879893,0.6183054982712011,0.847322,both
S337,Christopher Coons,DE,D,senate,,0.5,0.3997639183268767,0.6002360816731234,0.540094,both
B001257,Gus M. Bilirakis,FL,R,house,12,0.0,0.7247604499500513,0.2752395500499487,0.110096,both
B001260,Vern Buchanan,FL,R,house,16,0.0,0.6596840083712348,0.34031599162876525,0.136126,both
C001039,Kat Cammack,FL,R,house,3,0.0,0.7536752557031324,0.24632474429686757,0.09853,both
C001066,Kathy Castor,FL,D,house,14,1.0,0.26215159396776827,0.7378484060322317,0.895139,both
D000600,Mario Diaz-Balart,FL,R,house,26,0.5,0.5813451655967788,0.41865483440322115,0.467462,both
D000032,Byron Donalds,FL,R,house,19,0.0,0.9017816621867238,0.09821833781327616,0.039287,both
D000628,Neal P. Dunn,FL,R,house,2,0.0,0.7320453226450382,0.2679546773549618,0.107182,both
F000462,Lois Frankel,FL,D,house,22,1.0,0.2687420476620566,0.7312579523379434,0.892503,both
F000472,Scott Franklin,FL,R,house,18,0.0,0.777456333918782,0.222543666081218,0.089017,both
G000593,Carlos A. Gimenez,FL,R,house,28,0.5,0.6791580390048613,0.32084196099513873,0.428337,both
M001199,Brian J. Mast,FL,R,house,21,0.0,0.6907052039535779,0.30929479604642207,0.123718,both
S404,Rick Scott,FL,R,senate,,0.0,1.0,0.0,0.0,both
R000609,John H. Rutherford,FL,R,house,5,0.0,0.7663391563072965,0.23366084369270346,0.093464,both
S000168,Maria Elvira Salazar,FL,R,house,27,0.5,0.6405053689304443,0.3594946310695557,0.443798,both
S001200,Darren Soto,FL,D,house,9,1.0,0.32040437921045706,0.6795956207895429,0.871838,both
S001214,W. Gregory Steube,FL,R,house,17,0.0,0.8891013278799689,0.11089867212003113,0.044359,both
W000797,Debbie Wasserman Schultz,FL,D,house,25,1.0,0.2951450507881944,0.7048549492118056,0.881942,both
W000806,Daniel Webster,FL,R,house,11,0.0,0.7467944350980494,0.25320556490195056,0.101282,both
W000808,Frederica S. Wilson,FL,D,house,24,1.0,0.17241425996275075,0.8275857400372493,0.931034,both
A000372,Rick W. Allen,GA,R,house,12,0.0,0.729382762594728,0.270617237405272,0.108247,both
B000490,"Sanford D. Bishop, Jr.",GA,D,house,2,1.0,0.3735468203935735,0.6264531796064265,0.850581,both
C001103,"Earl L. ""Buddy"" Carter",GA,R,house,1,0.0,0.800199149408421,0.19980085059157904,0.07992,both
C001116,Andrew S. Clyde,GA,R,house,9,0.0,0.7059168313086243,0.29408316869137574,0.117633,both
J000288,"Henry C. ""Hank"" Johnson, Jr.",GA,D,house,4,1.0,0.09893932286264027,0.9010606771373597,0.960424,both
S414,Jon Ossoff,GA,D,senate,,1.0,0.4402663296818987,0.5597336703181013,0.823893,both
L000583,Barry Loudermilk,GA,R,house,11,0.0,0.683761467544444,0.316238532455556,0.126495,both
M001208,Lucy McBath,GA,D,house,6,1.0,0.2709863614728177,0.7290136385271824,0.891605,both
S415,Raphael Warnock,GA,D,senate,,1.0,0.5631835052777111,0.4368164947222889,0.774727,both
S001189,Austin Scott,GA,R,house,8,0.0,0.6754324222197459,0.32456757778025414,0.129827,both
W000788,Nikema Williams,GA,D,house,5,1.0,0.12940193671610745,0.8705980632838926,0.948239,both
S353,Brian Schatz,HI,D,senate,,1.0,0.25772937877741425,0.7422706212225858,0.896908,both
C001055,Ed Case,HI,D,house,1,1.0,0.33347142100787897,0.666528578992121,0.866611,both
S361,Mazie Hirono,HI,D,senate,,1.0,0.12550784553437905,0.874492154465621,0.949797,both
S153,Charles Grassley,IA,R,senate,,0.0,0.7088450551063811,0.2911549448936189,0.116462,both
F000446,Randy Feenstra,IA,R,house,4,0.0,0.7622817189472302,0.23771828105276982,0.095087,both
H001091,Ashley Hinson,IA,R,house,2,0.0,0.7657902139423007,0.23420978605769927,0.093684,both
S376,Joni Ernst,IA,R,senate,,0.0,0.8165373522368331,0.1834626477631669,0.073385,both
M001215,Mariannette Miller-Meeks,IA,R,house,1,0.0,0.7710398734424333,0.2289601265575667,0.091584,both
F000469,Russ Fulcher,ID,R,house,1,0.0,0.697174798484708,0.302825201515292,0.12113,both
S323,James Risch,ID,R,senate,,0.0,0.8905612584153054,0.10943874158469458,0.043775,both
S266,Mike Crapo,ID,R,senate,,0.0,0.8829212161900908,0.11707878380990921,0.046832,both
S001148,Michael K. Simpson,ID,R,house,2,0.0,0.5766609181192629,0.4233390818807371,0.169336,both
B001295,Mike Bost,IL,R,house,12,0.0,0.7812855415333534,0.2187144584666466,0.087486,both
C001117,Sean Casten,IL,D,house,6,1.0,0.17697288188597626,0.8230271181140237,0.929211,both
D000096,Danny K. Davis,IL,D,house,7,1.0,0.15144776941427404,0.8485522305857259,0.939421,both
F000454,Bill Foster,IL,D,house,11,1.0,0.29020110999255694,0.709798890007443,0.88392,both
G000586,"Jesús G. ""Chuy"" García",IL,D,house,4,1.0,0.08137110262365659,0.9186288973763435,0.967452,both
K000385,Robin L. Kelly,IL,D,house,2,1.0,0.20996145391028187,0.7900385460897181,0.916015,both
K000391,Raja Krishnamoorthi,IL,D,house,8,1.0,0.25502310353767965,0.7449768964623203,0.897991,both
L000585,Darin LaHood,IL,R,house,16,0.0,0.6419580232612602,0.35804197673873983,0.143217,both
M001211,Mary E. Miller,IL,R,house,15,0.0,0.9096294161637568,0.09037058383624319,0.036148,both
Q000023,Mike Quigley,IL,D,house,5,1.0,0.2229998279644582,0.7770001720355418,0.9108,both
S253,Richard Durbin,IL,D,senate,,1.0,0.16628426129637047,0.8337157387036296,0.933486,both
S001145,Janice D. Schakowsky,IL,D,house,9,1.0,0.0657339098837986,0.9342660901162014,0.973706,both
S001190,Bradley Scott Schneider,IL,D,house,10,1.0,0.360645980701327,0.6393540192986731,0.855742,both
S386,Tammy Duckworth,IL,D,senate,,1.0,0.16370349851552823,0.8362965014844718,0.934519,both
U000040,Lauren Underwood,IL,D,house,14,1.0,0.2397918800587885,0.7602081199412115,0.904083,both
B001307,James R. Baird,IN,R,house,4,0.0,0.7694187178919729,0.23058128210802709,0.092233,both
B001299,Jim Banks,IN,R,senate,,0.0,0.7160665990482047,0.2839334009517953,0.113573,both
C001072,André Carson,IN,D,house,7,1.0,0.11266697832483298,0.887333021675167,0.954933,both
M001214,Frank J. Mrvan,IN,D,house,1,1.0,0.33798700109717833,0.6620129989028216,0.864805,both
S000929,Victoria Spartz,IN,R,house,5,0.0,0.556932948639264,0.443067051360736,0.177227,both
S391,Todd Young,IN,R,senate,,0.0,0.7196098714408015,0.28039012855919854,0.112156,both
D000629,Sharice Davids,KS,D,house,3,1.0,0.3913072016694604,0.6086927983305396,0.843477,both
E000298,Ron Estes,KS,R,house,4,0.0,0.6595649938937598,0.3404350061062402,0.136174,both
S347,Jerry Moran,KS,R,senate,,0.0,0.7388606881559148,0.26113931184408523,0.104456,both
M000871,Tracey Mann,KS,R,house,1,0.0,0.8316593351817212,0.1683406648182788,0.067336,both
S411,Roger Marshall,KS,R,senate,,0.0,0.874299796182531,0.12570020381746905,0.05028,both
B001282,Andy Barr,KY,R,house,6,0.0,0.7160220181221483,0.2839779818778517,0.113591,both
C001108,James Comer,KY,R,house,1,0.0,0.5754369101005962,0.42456308989940383,0.169825,both
G000558,Brett Guthrie,KY,R,house,2,0.0,0.63875500227161,0.36124499772839,0.144498,both
M001184,Thomas Massie,KY,R,house,4,0.0,0.539792309027194,0.460207690972806,0.184083,both
S174,Mitch McConnell,KY,R,senate,,0.0,0.6857721467012635,0.3142278532987365,0.125691,both
S348,Rand Paul,KY,R,senate,,0.0,0.6803886239524993,0.3196113760475007,0.127845,both
R000395,Harold Rogers,KY,R,house,5,0.0,0.5434357929855484,0.45656420701445155,0.182626,both
S373,Bill Cassidy,LA,R,senate,,0.0,0.7733176049393479,0.22668239506065213,0.090673,both
H001077,Clay Higgins,LA,R,house,3,0.0,0.7981836759023454,0.2018163240976546,0.080727,both
S389,John Kennedy,LA,R,senate,,0.0,0.8195730383928036,0.1804269616071964,0.072171,both
J000299,Mike Johnson,LA,R,house,4,0.0,0.6314009203107597,0.3685990796892403,0.14744,both
S001176,Steve Scalise,LA,R,house,1,0.0,0.49091932972272884,0.5090806702772712,0.203632,both
A000148,Jake Auchincloss,MA,D,house,4,1.0,0.2900988444944267,0.7099011555055733,0.88396,both
C001101,Katherine M. Clark,MA,D,house,5,1.0,0.2748248154654291,0.7251751845345709,0.89007,both
S369,Edward Markey,MA,D,senate,,1.0,0.06764606527524906,0.9323539347247509,0.972942,both
S366,Elizabeth Warren,MA,D,senate,,1.0,0.06741277882470872,0.9325872211752912,0.973035,both
K000375,William R. Keating,MA,D,house,9,1.0,0.2698337361707877,0.7301662638292123,0.892067,both
L000562,Stephen F. Lynch,MA,D,house,8,1.0,0.19134471948849174,0.8086552805115083,0.923462,both
M000312,James P. McGovern,MA,D,house,2,1.0,0.1292994496145457,0.8707005503854544,0.94828,both
M001196,Seth Moulton,MA,D,house,6,1.0,0.25895775226466666,0.7410422477353333,0.896417,both
N000015,Richard E. Neal,MA,D,house,1,1.0,0.3145055683157948,0.6854944316842052,0.874198,both
P000617,Ayanna Pressley,MA,D,house,7,1.0,0.1240703762404361,0.875929623759564,0.950372,both
T000482,Lori Trahan,MA,D,house,3,1.0,0.24308888072066906,0.756911119279331,0.902764,both
S390,Chris Van Hollen,MD,D,senate,,1.0,0.11438400622368101,0.8856159937763189,0.954246,both
H001052,Andy Harris,MD,R,house,1,0.0,0.7750350172582029,0.2249649827417971,0.089986,both
H000874,Steny H. Hoyer,MD,D,house,5,1.0,0.3278646319476343,0.6721353680523656,0.868854,both
M000687,Kweisi Mfume,MD,D,house,7,1.0,0.20719734356402597,0.792802656435974,0.917121,both
R000606,Jamie Raskin,MD,D,house,8,1.0,0.17226003735646653,0.8277399626435334,0.931096,both
S363,Angus King,ME,I,senate,,0.5,0.3754620415134013,0.6245379584865987,0.549815,both
G000592,Jared F. Golden,ME,D,house,2,1.0,0.5262393675756533,0.47376063242434674,0.789504,both
P000597,Chellie Pingree,ME,D,house,1,1.0,0.22520805733599664,0.7747919426640033,0.909917,both
S252,Susan Collins,ME,R,senate,,0.0,0.5207022260619125,0.4792977739380875,0.191719,both
B001301,Jack Bergman,MI,R,house,1,0.0,0.6932399468244859,0.30676005317551414,0.122704,both
D000624,Debbie Dingell,MI,D,house,6,1.0,0.27242535537350526,0.7275746446264948,0.89103,both
S380,Gary Peters,MI,D,senate,,1.0,0.49814309162213644,0.5018569083778636,0.800743,both
H001058,Bill Huizenga,MI,R,house,4,0.0,0.6758521110894836,0.3241478889105164,0.129659,both
M001136,Lisa C. McClain,MI,R,house,9,0.0,0.6415425906035084,0.3584574093964916,0.143383,both
M001194,John R. Moolenaar,MI,R,house,2,0.0,0.8179772618684189,0.1820227381315811,0.072809,both
S001208,Elissa Slotkin,MI,D,senate,,1.0,0.4607946382337277,0.5392053617662723,0.815682,both
S001215,Haley M. Stevens,MI,D,house,11,1.0,0.2883200192578342,0.7116799807421659,0.884672,both
T000481,Rashida Tlaib,MI,D,house,12,1.0,0.05747866510730909,0.9425213348926909,0.977009,both
W000798,Tim Walberg,MI,R,house,5,0.0,0.6624542296256881,0.3375457703743119,0.135018,both
S311,Amy Klobuchar,MN,D,senate,,1.0,0.2350754895880532,0.7649245104119469,0.90597,both
C001119,Angie Craig,MN,D,house,2,1.0,0.38584332483314027,0.6141566751668597,0.845663,both
E000294,Tom Emmer,MN,R,house,6,0.5,0.6150259414802676,0.38497405851973243,0.45399,both
F000470,Michelle Fischbach,MN,R,house,7,0.0,0.6964984255382962,0.3035015744617038,0.121401,both
M001143,Betty McCollum,MN,D,house,4,1.0,0.1951280890115289,0.8048719109884711,0.921949,both
O000173,Ilhan Omar,MN,D,house,5,1.0,0.13023584447156597,0.869764155528434,0.947906,both
S001212,Pete Stauber,MN,R,house,8,0.5,0.7600615185307125,0.23993848146928753,0.395975,both
S394,Tina Smith,MN,D,senate,,1.0,0.16468522420547677,0.8353147757945232,0.934126,both
C001061,Emanuel Cleaver,MO,D,house,5,1.0,0.20302387801997487,0.7969761219800251,0.91879,both
G000546,Sam Graves,MO,R,house,6,0.0,0.596178636506061,0.40382136349393905,0.161529,both
S399,Josh Hawley,MO,R,senate,,0.0,0.8516405923280449,0.1483594076719551,0.059344,both
S001195,Jason Smith,MO,R,house,8,0.0,0.5774009360500587,0.4225990639499413,0.16904,both
W000812,Ann Wagner,MO,R,house,2,0.0,0.6423634915051057,0.35763650849489426,0.143055,both
S395,Cindy Hyde-Smith,MS,R,senate,,0.0,0.8856807609909086,0.11431923900909136,0.045728,both
G000591,Michael Guest,MS,R,house,3,0.0,0.8151672647959584,0.18483273520404164,0.073933,both
K000388,Trent Kelly,MS,R,house,1,0.0,0.6733086602315987,0.32669133976840126,0.130677,both
S318,Roger Wicker,MS,R,senate,,0.0,0.8051387869161063,0.1948612130838937,0.077944,both
T000193,Bennie G. Thompson,MS,D,house,2,1.0,0.22075100630215128,0.7792489936978487,0.9117,both
S375,Steve Daines,MT,R,senate,,0.0,0.8642242276965586,0.1357757723034414,0.05431,both
A000370,Alma S. Adams,NC,D,house,12,1.0,0.2021223163641832,0.7978776836358168,0.919151,both
B001305,Ted Budd,NC,R,senate,,0.0,0.9148892735667498,0.08511072643325024,0.034044,both
F000450,Virginia Foxx,NC,R,house,5,0.0,0.6345534222226793,0.3654465777773207,0.146179,both
H001067,Richard Hudson,NC,R,house,9,0.0,0.7355662576631165,0.26443374233688355,0.105773,both
M001210,Gregory F. Murphy,NC,R,house,3,0.0,0.7113868788380115,0.28861312116198845,0.115445,both
R000305,Deborah K. Ross,NC,D,house,2,1.0,0.2893113349811214,0.7106886650188786,0.884275,both
R000603,David Rouzer,NC,R,house,7,0.0,0.7865476613830795,0.21345233861692048,0.085381,both
S384,Thomas Tillis,NC,R,senate,,0.0,0.7946184267834496,0.20538157321655037,0.082153,both
S344,John Hoeven,ND,R,senate,,0.0,0.8187135059708078,0.18128649402919217,0.072515,both
S398,Kevin Cramer,ND,R,senate,,0.0,0.9001661212646586,0.09983387873534144,0.039934,both
B001298,Don Bacon,NE,R,house,2,0.5,0.6903148109695123,0.3096851890304877,0.423874,both
S357,Deb Fischer,NE,R,senate,,0.0,0.780784211347315,0.21921578865268498,0.087686,both
S001172,Adrian Smith,NE,R,house,3,0.0,0.7368642367245289,0.26313576327547106,0.105254,both
S324,Jeanne Shaheen,NH,D,senate,,0.5,0.38737559142254324,0.6126244085774568,0.54505,both
S388,Maggie Hassan,NH,D,senate,,0.5,0.5438923948660955,0.45610760513390447,0.482443,both
P000614,Chris Pappas,NH,D,house,1,1.0,0.48149169994227964,0.5185083000577204,0.807403,both
S370,Cory Booker,NJ,D,senate,,1.0,0.10048480325541943,0.8995151967445806,0.959806,both
G000583,Josh Gottheimer,NJ,D,house,5,1.0,0.4973274884263718,0.5026725115736281,0.801069,both
K000394,Andy Kim,NJ,D,senate,,1.0,0.3173972205874433,0.6826027794125566,0.873041,both
N000188,Donald Norcross,NJ,D,house,1,1.0,0.3584266702034613,0.6415733297965387,0.856629,both
P000034,"Frank Pallone, Jr.",NJ,D,house,6,1.0,0.2553106733358488,0.7446893266641512,0.897876,both
S000522,Christopher H. Smith,NJ,R,house,4,1.0,0.6465793491837347,0.3534206508162653,0.741368,both
V000133,Jefferson Van Drew,NJ,R,house,2,1.0,0.7563844439446199,0.2436155560553801,0.697446,both
W000822,Bonnie Watson Coleman,NJ,D,house,12,1.0,0.0776346895454302,0.9223653104545698,0.968946,both
S409,Ben Lujan,NM,D,senate,,1.0,0.2643418348708425,0.7356581651291575,0.894263,both
L000273,Teresa Leger Fernandez,NM,D,house,3,1.0,0.24922877410748814,0.7507712258925119,0.900308,both
S359,Martin Heinrich,NM,D,senate,,1.0,0.25298075971823686,0.7470192402817631,0.898808,both
A000369,Mark E. Amodei,NV,R,house,2,0.0,0.585794556747653,0.414205443252347,0.165682,both
S385,Catherine Cortez Masto,NV,D,senate,,1.0,0.37378985291902017,0.6262101470809798,0.850484,both
H001066,Steven Horsford,NV,D,house,4,1.0,0.2446395410858053,0.7553604589141947,0.902144,both
S402,Jacklyn Rosen,NV,D,senate,,1.0,0.3882508151391715,0.6117491848608285,0.8447,both
L000590,Susie Lee,NV,D,house,3,1.0,0.49847392965632575,0.5015260703436742,0.80061,both
T000468,Dina Titus,NV,D,house,1,1.0,0.23370356116763094,0.7662964388323691,0.906519,both
S270,Charles Schumer,NY,D,senate,,1.0,0.31118018574538653,0.6888198142546135,0.875528,both
C001067,Yvette D. Clarke,NY,D,house,9,1.0,0.13281690501118665,0.8671830949888133,0.946873,both
E000297,Adriano Espaillat,NY,D,house,13,1.0,0.12453546457818337,0.8754645354218167,0.950186,both
G000597,Andrew R. Garbarino,NY,R,house,2,0.5,0.6301082548911617,0.36989174510883827,0.447957,both
J000294,Hakeem S. Jeffries,NY,D,house,8,1.0,0.3101017483969177,0.6898982516030823,0.875959,both
S331,Kirsten Gillibrand,NY,D,senate,,1.0,0.23015466447741809,0.7698453355225819,0.907938,both
M000317,Nicole Malliotakis,NY,R,house,11,0.5,0.6746346207644215,0.3253653792355785,0.430146,both
M001137,Gregory W. Meeks,NY,D,house,5,1.0,0.24222944065664595,0.757770559343354,0.903108,both
M001188,Grace Meng,NY,D,house,6,1.0,0.1697149616425053,0.8302850383574947,0.932114,both
M001206,Joseph D. Morelle,NY,D,house,25,1.0,0.31543558692892026,0.6845644130710797,0.873826,both
N000002,Jerrold Nadler,NY,D,house,12,1.0,0.17880585020025416,0.8211941497997458,0.928478,both
O000172,Alexandria Ocasio-Cortez,NY,D,house,14,1.0,0.12962144382529567,0.8703785561747044,0.948151,both
S001196,Elise M. Stefanik,NY,R,house,21,0.0,0.7566004004672962,0.24339959953270385,0.09736,both
S001201,Thomas R. Suozzi,NY,D,house,3,1.0,0.4039806754479483,0.5960193245520518,0.838408,both
T000478,Claudia Tenney,NY,R,house,24,0.0,0.8917727193304212,0.10822728066957876,0.043291,both
T000469,Paul Tonko,NY,D,house,20,1.0,0.205139616694338,0.794860383305662,0.917944,both
T000486,Ritchie Torres,NY,D,house,15,1.0,0.2388292869813121,0.7611707130186879,0.904468,both
V000081,Nydia M. Velázquez,NY,D,house,7,1.0,0.09346742206438009,0.9065325779356199,0.962613,both
B001306,Troy Balderson,OH,R,house,12,0.0,0.6946567887103303,0.3053432112896697,0.122137,both
B001281,Joyce Beatty,OH,D,house,3,1.0,0.2140159645721014,0.7859840354278986,0.914394,both
D000626,Warren Davidson,OH,R,house,8,0.0,0.6979692736253972,0.3020307263746028,0.120812,both
J000289,Jim Jordan,OH,R,house,4,0.0,0.5387164693052492,0.4612835306947508,0.184513,both
J000295,David P. Joyce,OH,R,house,14,0.5,0.5830874701699521,0.4169125298300479,0.466765,both
K000009,Marcy Kaptur,OH,D,house,9,1.0,0.33302201267377196,0.666977987326228,0.866791,both
L000566,Robert E. Latta,OH,R,house,5,0.0,0.643682210287261,0.356317789712739,0.142527,both
T000463,Michael R. Turner,OH,R,house,10,0.0,0.5280031876574688,0.4719968123425312,0.188799,both
B000740,Stephanie I. Bice,OK,R,house,5,0.0,0.732886375223112,0.26711362477688805,0.106845,both
C001053,Tom Cole,OK,R,house,4,0.0,0.5677086076145501,0.4322913923854499,0.172917,both
H001082,Kevin Hern,OK,R,house,1,0.0,0.6749777012267352,0.32502229877326483,0.130009,both
S378,James Lankford,OK,R,senate,,0.0,0.9360842237794957,0.06391577622050426,0.025566,both
L000491,Frank D. Lucas,OK,R,house,3,0.0,0.5549000113635506,0.4450999886364494,0.17804,both
B000668,Cliff Bentz,OR,R,house,2,0.0,0.6107706138083383,0.3892293861916617,0.155692,both
B001278,Suzanne Bonamici,OR,D,house,1,1.0,0.16809609029250394,0.8319039097074961,0.932762,both
S322,Jeff Merkley,OR,D,senate,,1.0,0.04907464689070332,0.9509253531092967,0.98037,both
S247,Ron Wyden,OR,D,senate,,1.0,0.09465057495751755,0.9053494250424825,0.96214,both
B001296,Brendan F. Boyle,PA,D,house,2,1.0,0.29258689118281744,0.7074131088171826,0.882965,both
D000631,Madeleine Dean,PA,D,house,4,1.0,0.21959999550829207,0.7804000044917079,0.91216,both
E000296,Dwight Evans,PA,D,house,3,1.0,0.12116594169737895,0.8788340583026211,0.951534,both
F000466,Brian K. Fitzpatrick,PA,R,house,1,1.0,0.48531018622454825,0.5146898137754518,0.805876,both
H001085,Chrissy Houlahan,PA,D,house,6,1.0,0.4246569662321476,0.5753430337678525,0.830137,both
J000302,John Joyce,PA,R,house,13,0.0,0.6447509949794054,0.35524900502059464,0.1421,both
K000376,Mike Kelly,PA,R,house,16,0.0,0.7056362205750168,0.29436377942498315,0.117746,both
M001204,Daniel Meuser,PA,R,house,9,0.0,0.7759576248620357,0.22404237513796432,0.089617,both
P000605,Scott Perry,PA,R,house,10,0.0,0.7539371014840928,0.24606289851590724,0.098425,both
R000610,Guy Reschenthaler,PA,R,house,14,0.5,0.7177900530500875,0.2822099469499125,0.412884,both
S001205,Mary Gay Scanlon,PA,D,house,5,1.0,0.13769333079187032,0.8623066692081297,0.944923,both
S001199,Lloyd Smucker,PA,R,house,11,0.0,0.6235914046346884,0.37640859536531157,0.150563,both
T000467,Glenn Thompson,PA,R,house,15,0.0,0.6757496455712493,0.3242503544287507,0.1297,both
S259,John Reed,RI,D,senate,,1.0,0.21123568709222315,0.7887643129077768,0.915506,both
S316,Sheldon Whitehouse,RI,D,senate,,1.0,0.18829784687128628,0.8117021531287137,0.924681,both
C000537,James E. Clyburn,SC,D,house,6,1.0,0.3180497459692304,0.6819502540307696,0.87278,both
S293,Lindsey Graham,SC,R,senate,,0.0,0.7468250562859058,0.2531749437140942,0.10127,both
M000194,Nancy Mace,SC,R,house,1,0.0,0.7180421990333107,0.2819578009666893,0.112783,both
N000190,Ralph Norman,SC,R,house,5,0.0,0.9034964435976452,0.09650355640235475,0.038601,both
S365,Tim Scott,SC,R,senate,,0.0,0.8280759505823567,0.17192404941764328,0.06877,both
T000480,William R. Timmons IV,SC,R,house,4,0.0,0.7226563212593621,0.2773436787406379,0.110937,both
W000795,Joe Wilson,SC,R,house,2,0.0,0.6975414391429522,0.3024585608570478,0.120983,both
S303,John Thune,SD,R,senate,,0.0,0.7948271838730254,0.20517281612697458,0.082069,both
J000301,Dusty Johnson,SD,R,house,0,0.0,0.6828047209892609,0.3171952790107391,0.126878,both
S381,Mike Rounds,SD,R,senate,,0.0,0.7705778994155679,0.22942210058443213,0.091769,both
S407,Bill Hagerty,TN,R,senate,,0.0,0.8917288722159252,0.10827112778407477,0.043308,both
B001309,Tim Burchett,TN,R,house,2,0.0,0.7042414296426653,0.29575857035733466,0.118303,both
C001068,Steve Cohen,TN,D,house,9,1.0,0.19337924908752804,0.806620750912472,0.922648,both
D000616,Scott DesJarlais,TN,R,house,4,0.0,0.6879716485169262,0.31202835148307384,0.124811,both
F000459,"Charles J. ""Chuck"" Fleischmann",TN,R,house,3,0.0,0.6995038272064179,0.3004961727935821,0.120198,both
H001086,Diana Harshbarger,TN,R,house,1,0.0,0.8163964553026791,0.18360354469732088,0.073441,both
K000392,David Kustoff,TN,R,house,8,0.0,0.6884352923655312,0.31156470763446875,0.124626,both
S396,Marsha Blackburn,TN,R,senate,,0.0,0.9796469175649387,0.020353082435061287,0.008141,both
R000612,John W. Rose,TN,R,house,6,0.0,0.7561042131136921,0.24389578688630786,0.097558,both
A000375,Jodey C. Arrington,TX,R,house,19,0.0,0.6581850296892038,0.3418149703107962,0.136726,both
B001291,Brian Babin,TX,R,house,36,0.0,0.9003216918266302,0.09967830817336976,0.039871,both
C001051,John R. Carter,TX,R,house,31,0.0,0.6240844620452689,0.3759155379547311,0.150366,both
C001091,Joaquin Castro,TX,D,house,20,1.0,0.2533866649825481,0.746613335017452,0.898645,both
C001115,Michael Cloud,TX,R,house,27,0.0,0.7423507769057828,0.25764922309421723,0.10306,both
C001120,Dan Crenshaw,TX,R,house,2,0.0,0.816185839285008,0.18381416071499201,0.073526,both
C001063,Henry Cuellar,TX,D,house,28,0.5,0.5149846077694705,0.4850153922305295,0.494006,both
D000399,Lloyd Doggett,TX,D,house,37,1.0,0.23101494263433564,0.7689850573656644,0.907594,both
E000299,Veronica Escobar,TX,D,house,16,1.0,0.22827405135609236,0.7717259486439076,0.90869,both
F000246,Pat Fallon,TX,R,house,4,0.0,0.7561650014815785,0.2438349985184215,0.097534,both
F000468,Lizzie Fletcher,TX,D,house,7,1.0,0.25637727739743293,0.7436227226025671,0.897449,both
G000587,Sylvia R. Garcia,TX,D,house,29,1.0,0.17200386577686,0.82799613422314,0.931198,both
G000581,Vicente Gonzalez,TX,D,house,34,1.0,0.4408938641209033,0.5591061358790967,0.823642,both
G000589,Lance Gooden,TX,R,house,5,0.0,0.7671704878251002,0.23282951217489978,0.093132,both
G000553,Al Green,TX,D,house,9,1.0,0.19376641843730458,0.8062335815626954,0.922493,both
J000304,Ronny Jackson,TX,R,house,13,0.0,0.8312251448249741,0.16877485517502588,0.06751,both
S287,John Cornyn,TX,R,senate,,0.0,0.8369976283609908,0.1630023716390092,0.065201,both
M001157,Michael T. McCaul,TX,R,house,10,0.0,0.6242838719564614,0.3757161280435386,0.150286,both
N000026,Troy E. Nehls,TX,R,house,22,0.0,0.7825520262964218,0.21744797370357816,0.086979,both
P000048,August Pfluger,TX,R,house,11,0.0,0.8002020551528705,0.19979794484712954,0.079919,both
R000614,Chip Roy,TX,R,house,21,0.0,0.7193111913016146,0.2806888086983854,0.112276,both
S000250,Pete Sessions,TX,R,house,17,0.0,0.7843764544705321,0.21562354552946794,0.086249,both
S355,Ted Cruz,TX,R,senate,,0.0,0.941046342909978,0.05895365709002198,0.023581,both
V000134,Beth Van Duyne,TX,R,house,24,0.0,0.7477369810307961,0.2522630189692039,0.100905,both
V000131,Marc A. Veasey,TX,D,house,33,1.0,0.3319526084684609,0.668047391531539,0.867219,both
W000814,"Randy K. Weber, Sr.",TX,R,house,14,0.0,1.0,0.0,0.0,both
W000816,Roger Williams,TX,R,house,25,0.0,0.7769796817616844,0.22302031823831558,0.089208,both
C001114,John R. Curtis,UT,R,senate,,0.0,0.618417542708895,0.38158245729110496,0.152633,both
S346,Mike Lee,UT,R,senate,,0.0,0.8719528945232972,0.12804710547670284,0.051219,both
M001213,Blake D. Moore,UT,R,house,1,0.0,0.6497495983878471,0.35025040161215293,0.1401,both
O000086,Burgess Owens,UT,R,house,4,0.0,0.7690614782973173,0.2309385217026827,0.092375,both
B001292,"Donald S. Beyer, Jr.",VA,D,house,8,1.0,0.2161674665883196,0.7838325334116805,0.913533,both
C001118,Ben Cline,VA,R,house,6,0.0,0.8139982696585882,0.18600173034141176,0.074401,both
G000568,H. Morgan Griffith,VA,R,house,9,0.0,0.5987248443340407,0.4012751556659593,0.16051,both
S327,Mark Warner,VA,D,senate,,1.0,0.4166560292560938,0.5833439707439062,0.833338,both
S000185,"Robert C. ""Bobby"" Scott",VA,D,house,3,1.0,0.25418233583167005,0.74581766416833,0.898327,both
S362,Timothy Kaine,VA,D,senate,,1.0,0.29486443439381144,0.7051355656061886,0.882054,both
W000804,Robert J. Wittman,VA,R,house,1,0.0,0.6864832894280494,0.31351671057195063,0.125407,both
S313,Bernard Sanders,VT,I,senate,,1.0,0.0,1.0,1.0,both
W000800,Peter Welch,VT,D,senate,,1.0,0.15994510703574977,0.8400548929642502,0.936022,both
D000617,Suzan K. DelBene,WA,D,house,1,1.0,0.26203864463072246,0.7379613553692775,0.895185,both
J000298,Pramila Jayapal,WA,D,house,7,1.0,0.11672013545729598,0.883279864542704,0.953312,both
L000560,Rick Larsen,WA,D,house,2,1.0,0.2832973992427649,0.716702600757235,0.886681,both
S275,Maria Cantwell,WA,D,senate,,1.0,0.33477768133043573,0.6652223186695643,0.866089,both
N000189,Dan Newhouse,WA,R,house,4,0.5,0.7146203618630974,0.2853796381369026,0.414152,both
S229,Patty Murray,WA,D,senate,,1.0,0.22623836618481305,0.7737616338151869,0.909505,both
S001216,Kim Schrier,WA,D,house,8,1.0,0.38014265525795743,0.6198573447420426,0.847943,both
S000510,Adam Smith,WA,D,house,9,1.0,0.1914124420812226,0.8085875579187773,0.923435,both
S001159,Marilyn Strickland,WA,D,house,10,1.0,0.24847255358761103,0.751527446412389,0.900611,both
F000471,Scott Fitzgerald,WI,R,house,5,0.0,0.6941362789729407,0.3058637210270593,0.122345,both
G000576,Glenn Grothman,WI,R,house,6,0.0,0.8241107854505043,0.1758892145494957,0.070356,both
M001160,Gwen Moore,WI,D,house,4,1.0,0.17144747832249008,0.8285525216775099,0.931421,both
P000607,Mark Pocan,WI,D,house,2,1.0,0.171391912340956,0.828608087659044,0.931443,both
S345,Ron Johnson,WI,R,senate,,0.0,0.7717256712785879,0.22827432872141207,0.09131,both
S001213,Bryan Steil,WI,R,house,1,0.5,0.6192513153489663,0.38074868465103373,0.452299,both
S354,Tammy Baldwin,WI,D,senate,,1.0,0.2156181913862964,0.7843818086137035,0.913753,both
T000165,Thomas P. Tiffany,WI,R,house,7,0.0,0.794092317649429,0.205907682350571,0.082363,both
M001205,Carol D. Miller,WV,R,house,1,0.0,0.7025594126700854,0.29744058732991463,0.118976,both
S372,Shelley Capito,WV,R,senate,,0.0,0.7339199536762288,0.26608004632377125,0.106432,both
S410,Cynthia Lummis,WY,R,senate,,0.0,0.9151193238195948,0.08488067618040518,0.033952,both
S317,John Barrasso,WY,R,senate,,0.0,0.8626290366011858,0.13737096339881416,0.054948,both
