fips,county_name,state,margin_2024
56045,Weston County,WY,-77.02
56043,Washakie County,WY,-64.28
56041,Uinta County,WY,-63.68
56039,Teton County,WY,35.28
56037,Sweetwater County,WY,-53.17
56035,Sublette County,WY,-61.11
56033,Sheridan County,WY,-50.07
56031,Platte County,WY,-65.45
56029,Park County,WY,-59.28
56027,Niobrara County,WY,-80.98
56025,Natrona County,WY,-48.63
56023,Lincoln County,WY,-68.34
56021,Laramie County,WY,-32.42
56019,Johnson County,WY,-63.68
56017,Hot Springs County,WY,-61.21
56015,Goshen County,WY,-60.92
56013,Fremont County,WY,-37.36
56011,Crook County,WY,-77.99
56009,Converse County,WY,-73.54
56007,Carbon County,WY,-58.13
56005,Campbell County,WY,-76.78
56003,Big Horn County,WY,-72.48
56001,Albany County,WY,-3.17
55141,Wood County,WI,-19.92
55139,Winnebago County,WI,-4.75
55137,Waushara County,WI,-35.19
55135,Waupaca County,WI,-33.41
55133,Waukesha County,WI,-19.75
55131,Washington County,WI,-36.31
55129,Washburn County,WI,-28.26
55127,Walworth County,WI,-22.23
55125,Vilas County,WI,-23.09
55123,Vernon County,WI,-7.8
55121,Trempealeau County,WI,-21.42
55119,Taylor County,WI,-48.21
55117,Sheboygan County,WI,-16.36
55115,Shawano County,WI,-36.3
55113,Sawyer County,WI,-16.39
55111,Sauk County,WI,-1.67
55109,St. Croix County,WI,-19.29
55107,Rusk County,WI,-38.06
55105,Rock County,WI,7.29
55103,Richland County,WI,-13.13
55101,Racine County,WI,-6.17
55099,Price County,WI,-31.14
55097,Portage County,WI,1.2
55095,Polk County,WI,-30.94
55093,Pierce County,WI,-16.77
55091,Pepin County,WI,-29.28
55089,Ozaukee County,WI,-10.49
55087,Outagamie County,WI,-10.18
55085,Oneida County,WI,-17.61
55083,Oconto County,WI,-43.04
55081,Monroe County,WI,-26.1
55079,Milwaukee County,WI,38.52
55078,Menominee County,WI,61.7
55077,Marquette County,WI,-29.65
55075,Marinette County,WI,-37.99
55073,Marathon County,WI,-18.66
55071,Manitowoc County,WI,-23.36
55069,Lincoln County,WI,-25.17
55067,Langlade County,WI,-34.62
55065,Lafayette County,WI,-20.23
55063,La Crosse County,WI,9.36
55061,Kewaunee County,WI,-33.76
55059,Kenosha County,WI,-6.25
55057,Juneau County,WI,-32.15
55055,Jefferson County,WI,-16.38
55053,Jackson County,WI,-19.49
55051,Iron County,WI,-26.23
55049,Iowa County,WI,7.64
55047,Green Lake County,WI,-36.34
55045,Green County,WI,0.27
55043,Grant County,WI,-18.18
55041,Forest County,WI,-33.39
55039,Fond du Lac County,WI,-28.71
55037,Florence County,WI,-49.81
55035,Eau Claire County,WI,10.59
55033,Dunn County,WI,-15.9
55031,Douglas County,WI,5.33
55029,Door County,WI,2.23
55027,Dodge County,WI,-32.91
55025,Dane County,WI,51.68
55023,Crawford County,WI,-13.79
55021,Columbia County,WI,-4.59
55019,Clark County,WI,-38.99
55017,Chippewa County,WI,-22.98
55015,Calumet County,WI,-19.97
55013,Burnett County,WI,-30.93
55011,Buffalo County,WI,-30.26
55009,Brown County,WI,-7.52
55007,Bayfield County,WI,11.13
55005,Barron County,WI,-29.08
55003,Ashland County,WI,4.71
55001,Adams County,WI,-25.83
54109,Wyoming County,WV,-73.01
54107,Wood County,WV,-43.05
54105,Wirt County,WV,-66.29
54103,Wetzel County,WV,-55.51
54101,Webster County,WV,-66.68
54099,Wayne County,WV,-53.36
54097,Upshur County,WV,-56.8
54095,Tyler County,WV,-67.38
54093,Tucker County,WV,-48.93
54091,Taylor County,WV,-51.31
54089,Summers County,WV,-51.39
54087,Roane County,WV,-53.81
54085,Ritchie County,WV,-72.99
54083,Randolph County,WV,-46.13
54081,Raleigh County,WV,-54.34
54079,Putnam County,WV,-46.33
54077,Preston County,WV,-57
54075,Pocahontas County,WV,-50.29
54073,Pleasants County,WV,-59.02
54071,Pendleton County,WV,-58.6
54069,Ohio County,WV,-26.04
54067,Nicholas County,WV,-60.19
54065,Morgan County,WV,-55.64
54063,Monroe County,WV,-61.79
54061,Monongalia County,WV,-4.39
54059,Mingo County,WV,-73.78
54057,Mineral County,WV,-60.17
54055,Mercer County,WV,-57.33
54053,Mason County,WV,-58.04
54051,Marshall County,WV,-50.04
54049,Marion County,WV,-31.24
54047,McDowell County,WV,-60.35
54045,Logan County,WV,-66.72
54043,Lincoln County,WV,-62.49
54041,Lewis County,WV,-59.28
54039,Kanawha County,WV,-17.44
54037,Jefferson County,WV,-15.8
54035,Jackson County,WV,-56.22
54033,Harrison County,WV,-40.95
54031,Hardy County,WV,-57.71
54029,Hancock County,WV,-46.83
54027,Hampshire County,WV,-62.61
54025,Greenbrier County,WV,-42.15
54023,Grant County,WV,-78.97
54021,Gilmer County,WV,-57
54019,Fayette County,WV,-41.76
54017,Doddridge County,WV,-73.31
54015,Clay County,WV,-62.25
54013,Calhoun County,WV,-64.82
54011,Cabell County,WV,-21.89
54009,Brooke County,WV,-44.62
54007,Braxton County,WV,-51.91
54005,Boone County,WV,-57.39
54003,Berkeley County,WV,-35.79
54001,Barbour County,WV,-60.55
53077,Yakima County,WA,-14.34
53075,Whitman County,WA,8.97
53073,Whatcom County,WA,24.88
53071,Walla Walla County,WA,-8.07
53069,Wahkiakum County,WA,-18.11
53067,Thurston County,WA,20.4
53065,Stevens County,WA,-44.15
53063,Spokane County,WA,-4.97
53061,Snohomish County,WA,18.96
53059,Skamania County,WA,-11.13
53057,Skagit County,WA,8.86
53055,San Juan County,WA,51.39
53053,Pierce County,WA,10.76
53051,Pend Oreille County,WA,-39.6
53049,Pacific County,WA,-1.3
53047,Okanogan County,WA,-14.98
53045,Mason County,WA,-2.5
53043,Lincoln County,WA,-50.57
53041,Lewis County,WA,-33
53039,Klickitat County,WA,-9.32
53037,Kittitas County,WA,-14.58
53035,Kitsap County,WA,20.94
53033,King County,WA,51.69
53031,Jefferson County,WA,45.32
53029,Island County,WA,16.57
53027,Grays Harbor County,WA,-6.03
53025,Grant County,WA,-37.48
53023,Garfield County,WA,-47.88
53021,Franklin County,WA,-22.69
53019,Ferry County,WA,-33.01
53017,Douglas County,WA,-26.98
53015,Cowlitz County,WA,-19.92
53013,Columbia County,WA,-43.46
53011,Clark County,WA,6.99
53009,Clallam County,WA,7.87
53007,Chelan County,WA,-9.47
53005,Benton County,WA,-21.9
53003,Asotin County,WA,-25.64
53001,Adams County,WA,-43.26
51840,Winchester city,VA,9.77
51830,Williamsburg city,VA,44.5
51820,Waynesboro city,VA,-5.69
51810,Virginia Beach city,VA,2.65
51800,Suffolk city,VA,15.9
51790,Staunton city,VA,13.38
51775,Salem city,VA,-19.26
51770,Roanoke city,VA,23.62
51760,Richmond city,VA,66.27
51750,Radford city,VA,0.52
51740,Portsmouth city,VA,38.63
51735,Poquoson city,VA,-45.87
51730,Petersburg city,VA,72.78
51720,Norton city,VA,-43.58
51710,Norfolk city,VA,41.53
51700,Newport News city,VA,28.8
51690,Martinsville city,VA,22.62
51685,Manassas Park city,VA,19.98
51683,Manassas city,VA,14.84
51680,Lynchburg city,VA,-7.93
51678,Lexington city,VA,26.72
51670,Hopewell city,VA,13.77
51660,Harrisonburg city,VA,25.37
51650,Hampton city,VA,39.87
51640,Galax city,VA,-43.91
51630,Fredericksburg city,VA,31.72
51620,Franklin city,VA,22.78
51610,Falls Church city,VA,62.21
51600,Fairfax city,VA,33.43
51595,Emporia city,VA,30.99
51590,Danville city,VA,21.06
51580,Covington city,VA,-33.29
51570,Colonial Heights city,VA,-32.45
51550,Chesapeake city,VA,3.8
51540,Charlottesville city,VA,68.69
51530,Buena Vista city,VA,-44.44
51520,Bristol city,VA,-39.66
51510,Alexandria city,VA,57.72
51199,York County,VA,-6.14
51197,Wythe County,VA,-59.54
51195,Wise County,VA,-63.3
51193,Westmoreland County,VA,-14.29
51191,Washington County,VA,-53.32
51187,Warren County,VA,-37.63
51185,Tazewell County,VA,-68.89
51183,Sussex County,VA,4.44
51181,Surry County,VA,-0.65
51179,Stafford County,VA,0.8
51177,Spotsylvania County,VA,-8.56
51175,Southampton County,VA,-25.5
51173,Smyth County,VA,-60.44
51171,Shenandoah County,VA,-42.25
51169,Scott County,VA,-70.41
51167,Russell County,VA,-67.51
51165,Rockingham County,VA,-37.05
51163,Rockbridge County,VA,-33.78
51161,Roanoke County,VA,-22.47
51159,Richmond County,VA,-30.23
51157,Rappahannock County,VA,-17.9
51155,Pulaski County,VA,-44.67
51153,Prince William County,VA,17.98
51149,Prince George County,VA,-21.3
51147,Prince Edward County,VA,-2.58
51145,Powhatan County,VA,-44.07
51143,Pittsylvania County,VA,-43.14
51141,Patrick County,VA,-60.42
51139,Page County,VA,-54.1
51137,Orange County,VA,-24.68
51135,Nottoway County,VA,-22.36
51133,Northumberland County,VA,-21.16
51131,Northampton County,VA,6.15
51127,New Kent County,VA,-31.85
51125,Nelson County,VA,-7.52
51121,Montgomery County,VA,3.49
51119,Middlesex County,VA,-27.38
51117,Mecklenburg County,VA,-20.82
51115,Mathews County,VA,-39.33
51113,Madison County,VA,-35.21
51111,Lunenburg County,VA,-22.81
51109,Louisa County,VA,-26.2
51107,Loudoun County,VA,16.29
51105,Lee County,VA,-72.05
51103,Lancaster County,VA,-7.02
51101,King William County,VA,-40.58
51099,King George County,VA,-25.02
51097,King and Queen County,VA,-25.69
51095,James City County,VA,6.22
51093,Isle of Wight County,VA,-19.78
51091,Highland County,VA,-44.41
51089,Henry County,VA,-32.83
51087,Henrico County,VA,28.87
51085,Hanover County,VA,-25.77
51083,Halifax County,VA,-21.05
51081,Greensville County,VA,9.26
51079,Greene County,VA,-24.72
51077,Grayson County,VA,-62.2
51075,Goochland County,VA,-18.59
51073,Gloucester County,VA,-38.38
51071,Giles County,VA,-54.51
51069,Frederick County,VA,-28.41
51067,Franklin County,VA,-45.28
51065,Fluvanna County,VA,-6.27
51063,Floyd County,VA,-37.23
51061,Fauquier County,VA,-21.66
51059,Fairfax County,VA,35
51057,Essex County,VA,-7.75
51053,Dinwiddie County,VA,-23.14
51051,Dickenson County,VA,-62.23
51049,Cumberland County,VA,-22.2
51047,Culpeper County,VA,-24.96
51045,Craig County,VA,-64.72
51043,Clarke County,VA,-16.85
51041,Chesterfield County,VA,8.98
51037,Charlotte County,VA,-32.55
51036,Charles City County,VA,10.76
51035,Carroll County,VA,-63.29
51033,Caroline County,VA,-8.8
51031,Campbell County,VA,-48.58
51029,Buckingham County,VA,-23.49
51027,Buchanan County,VA,-70.59
51025,Brunswick County,VA,8.54
51023,Botetourt County,VA,-45.13
51021,Bland County,VA,-69.73
51019,Bedford County,VA,-50.37
51017,Bath County,VA,-53.76
51015,Augusta County,VA,-47.55
51013,Arlington County,VA,58.6
51011,Appomattox County,VA,-51.02
51009,Amherst County,VA,-36.49
51007,Amelia County,VA,-44.35
51005,Alleghany County,VA,-48.07
51003,Albemarle County,VA,34.11
51001,Accomack County,VA,-13.33
50027,Windsor County,VT,35.6
50025,Windham County,VT,42.68
50023,Washington County,VT,43.36
50021,Rutland County,VT,5.28
50019,Orleans County,VT,-1.55
50017,Orange County,VT,20.17
50015,Lamoille County,VT,35.8
50013,Grand Isle County,VT,21.08
50011,Franklin County,VT,2.98
50009,Essex County,VT,-16.01
50007,Chittenden County,VT,53.65
50005,Caledonia County,VT,12.44
50003,Bennington County,VT,22.52
50001,Addison County,VT,35.89
49057,Weber County,UT,-23.49
49055,Wayne County,UT,-51.91
49053,Washington County,UT,-52.28
49051,Wasatch County,UT,-27.44
49049,Utah County,UT,-39.79
49047,Uintah County,UT,-73.57
49045,Tooele County,UT,-40.97
49043,Summit County,UT,14.8
49041,Sevier County,UT,-75.87
49039,Sanpete County,UT,-67.58
49037,San Juan County,UT,-16.31
49035,Salt Lake County,UT,10.23
49033,Rich County,UT,-68.9
49031,Piute County,UT,-78.92
49029,Morgan County,UT,-59.85
49027,Millard County,UT,-75.88
49025,Kane County,UT,-47.7
49023,Juab County,UT,-75.74
49021,Iron County,UT,-57
49019,Grand County,UT,9.45
49017,Garfield County,UT,-59.41
49015,Emery County,UT,-74.6
49013,Duchesne County,UT,-75.9
49011,Davis County,UT,-24.86
49009,Daggett County,UT,-62.18
49007,Carbon County,UT,-44.4
49005,Cache County,UT,-34.43
49003,Box Elder County,UT,-60.81
49001,Beaver County,UT,-74.32
48507,Zavala County,TX,14.38
48505,Zapata County,TX,-22.44
48503,Young County,TX,-76.25
48501,Yoakum County,TX,-70.92
48499,Wood County,TX,-69.74
48497,Wise County,TX,-70.05
48495,Winkler County,TX,-70.55
48493,Wilson County,TX,-53.71
48491,Williamson County,TX,-2.45
48489,Willacy County,TX,-3.29
48487,Wilbarger County,TX,-60.63
48485,Wichita County,TX,-44.01
48483,Wheeler County,TX,-84.68
48481,Wharton County,TX,-51.84
48479,Webb County,TX,-2.17
48477,Washington County,TX,-54.71
48475,Ward County,TX,-66.1
48473,Waller County,TX,-25.03
48471,Walker County,TX,-39.94
48469,Victoria County,TX,-42.6
48467,Van Zandt County,TX,-74.82
48465,Val Verde County,TX,-26.62
48463,Uvalde County,TX,-33.41
48461,Upton County,TX,-76.98
48459,Upshur County,TX,-71.01
48457,Tyler County,TX,-73.48
48455,Trinity County,TX,-67.01
48453,Travis County,TX,39.32
48451,Tom Green County,TX,-48.01
48449,Titus County,TX,-54.72
48447,Throckmorton County,TX,-83.33
48445,Terry County,TX,-65.17
48443,Terrell County,TX,-55.06
48441,Taylor County,TX,-49.79
48439,Tarrant County,TX,-5.12
48437,Swisher County,TX,-63.44
48435,Sutton County,TX,-67.07
48433,Stonewall County,TX,-68.99
48431,Sterling County,TX,-85.85
48429,Stephens County,TX,-79.34
48427,Starr County,TX,-15.99
48425,Somervell County,TX,-70.8
48423,Smith County,TX,-45.1
48421,Sherman County,TX,-88.19
48419,Shelby County,TX,-64.57
48417,Shackelford County,TX,-82.17
48415,Scurry County,TX,-73.62
48413,Schleicher County,TX,-64.44
48411,San Saba County,TX,-79.02
48409,San Patricio County,TX,-36.41
48407,San Jacinto County,TX,-65.28
48405,San Augustine County,TX,-56.26
48403,Sabine County,TX,-78.52
48401,Rusk County,TX,-59.43
48399,Runnels County,TX,-77.12
48397,Rockwall County,TX,-40.88
48395,Robertson County,TX,-52.13
48393,Roberts County,TX,-92.46
48391,Refugio County,TX,-39.55
48389,Reeves County,TX,-36.93
48387,Red River County,TX,-61.75
48385,Real County,TX,-66.91
48383,Reagan County,TX,-69.44
48381,Randall County,TX,-60.4
48379,Rains County,TX,-72.93
48377,Presidio County,TX,30.24
48375,Potter County,TX,-44.43
48373,Polk County,TX,-58.91
48371,Pecos County,TX,-44.84
48369,Parmer County,TX,-70.09
48367,Parker County,TX,-66.4
48365,Panola County,TX,-66.41
48363,Palo Pinto County,TX,-67.13
48361,Orange County,TX,-66.74
48359,Oldham County,TX,-84.29
48357,Ochiltree County,TX,-81.58
48355,Nueces County,TX,-11.47
48353,Nolan County,TX,-59.21
48351,Newton County,TX,-66.6
48349,Navarro County,TX,-51.82
48347,Nacogdoches County,TX,-38.81
48345,Motley County,TX,-88.77
48343,Morris County,TX,-51.17
48341,Moore County,TX,-67.14
48339,Montgomery County,TX,-45.48
48337,Montague County,TX,-77.65
48335,Mitchell County,TX,-71.31
48333,Mills County,TX,-76.91
48331,Milam County,TX,-57.33
48329,Midland County,TX,-60.53
48327,Menard County,TX,-66.51
48325,Medina County,TX,-42.74
48323,Maverick County,TX,-18.5
48321,Matagorda County,TX,-50.54
48319,Mason County,TX,-65
48317,Martin County,TX,-75.76
48315,Marion County,TX,-52.52
48313,Madison County,TX,-64.38
48311,McMullen County,TX,-84.39
48309,McLennan County,TX,-30.9
48307,McCulloch County,TX,-73.38
48305,Lynn County,TX,-70.28
48303,Lubbock County,TX,-39.53
48301,Loving County,TX,-78.35
48299,Llano County,TX,-60.85
48297,Live Oak County,TX,-69.64
48295,Lipscomb County,TX,-79.59
48293,Limestone County,TX,-56.9
48291,Liberty County,TX,-61.59
48289,Leon County,TX,-76.7
48287,Lee County,TX,-60.43
48285,Lavaca County,TX,-76.1
48283,La Salle County,TX,-20.51
48281,Lampasas County,TX,-59.57
48279,Lamb County,TX,-64.3
48277,Lamar County,TX,-61.05
48275,Knox County,TX,-68.46
48273,Kleberg County,TX,-12.73
48271,Kinney County,TX,-50.53
48269,King County,TX,-91.11
48267,Kimble County,TX,-77.64
48265,Kerr County,TX,-54.34
48263,Kent County,TX,-76.4
48261,Kenedy County,TX,-46.84
48259,Kendall County,TX,-55.69
48257,Kaufman County,TX,-27.88
48255,Karnes County,TX,-58.13
48253,Jones County,TX,-73.15
48251,Johnson County,TX,-51.44
48249,Jim Wells County,TX,-15.52
48247,Jim Hogg County,TX,8.26
48245,Jefferson County,TX,-8.88
48243,Jeff Davis County,TX,-21.3
48241,Jasper County,TX,-66.59
48239,Jackson County,TX,-70.77
48237,Jack County,TX,-82.27
48235,Irion County,TX,-75.58
48233,Hutchinson County,TX,-77.18
48231,Hunt County,TX,-55.51
48229,Hudspeth County,TX,-46.63
48227,Howard County,TX,-62.84
48225,Houston County,TX,-55.35
48223,Hopkins County,TX,-64.61
48221,Hood County,TX,-65.97
48219,Hockley County,TX,-66.27
48217,Hill County,TX,-64.36
48215,Hidalgo County,TX,-2.87
48213,Henderson County,TX,-63.49
48211,Hemphill County,TX,-75.81
48209,Hays County,TX,5.64
48207,Haskell County,TX,-71.46
48205,Hartley County,TX,-83.33
48203,Harrison County,TX,-50.58
48201,Harris County,TX,5.53
48199,Hardin County,TX,-75.8
48197,Hardeman County,TX,-72.74
48195,Hansford County,TX,-84.84
48193,Hamilton County,TX,-71.33
48191,Hall County,TX,-73.37
48189,Hale County,TX,-57.99
48187,Guadalupe County,TX,-29.52
48185,Grimes County,TX,-60.26
48183,Gregg County,TX,-42.25
48181,Grayson County,TX,-54.27
48179,Gray County,TX,-77.12
48177,Gonzales County,TX,-54.83
48175,Goliad County,TX,-60.24
48173,Glasscock County,TX,-88.24
48171,Gillespie County,TX,-60.93
48169,Garza County,TX,-72.61
48167,Galveston County,TX,-27.41
48165,Gaines County,TX,-82.64
48163,Frio County,TX,-24.57
48161,Freestone County,TX,-66.35
48159,Franklin County,TX,-68.93
48157,Fort Bend County,TX,1.58
48155,Foard County,TX,-65.32
48153,Floyd County,TX,-64.96
48151,Fisher County,TX,-63.26
48149,Fayette County,TX,-61.41
48147,Fannin County,TX,-67.38
48145,Falls County,TX,-44.73
48143,Erath County,TX,-68
48141,El Paso County,TX,15.13
48139,Ellis County,TX,-31.07
48137,Edwards County,TX,-73.23
48135,Ector County,TX,-52.91
48133,Eastland County,TX,-77.47
48131,Duval County,TX,-9.77
48129,Donley County,TX,-78.15
48127,Dimmit County,TX,3.27
48125,Dickens County,TX,-70.29
48123,DeWitt County,TX,-67.04
48121,Denton County,TX,-13.15
48119,Delta County,TX,-69.71
48117,Deaf Smith County,TX,-51.66
48115,Dawson County,TX,-61.04
48113,Dallas County,TX,22.21
48111,Dallam County,TX,-78.3
48109,Culberson County,TX,-16.9
48107,Crosby County,TX,-51.33
48105,Crockett County,TX,-53.92
48103,Crane County,TX,-72.75
48101,Cottle County,TX,-72.45
48099,Coryell County,TX,-40.69
48097,Cooke County,TX,-66.88
48095,Concho County,TX,-73.87
48093,Comanche County,TX,-74.04
48091,Comal County,TX,-45.5
48089,Colorado County,TX,-57.19
48087,Collingsworth County,TX,-77.52
48085,Collin County,TX,-11.15
48083,Coleman County,TX,-79.04
48081,Coke County,TX,-79.6
48079,Cochran County,TX,-65.73
48077,Clay County,TX,-79.65
48075,Childress County,TX,-76.06
48073,Cherokee County,TX,-62.67
48071,Chambers County,TX,-65.58
48069,Castro County,TX,-58.19
48067,Cass County,TX,-65.68
48065,Carson County,TX,-81.21
48063,Camp County,TX,-53.61
48061,Cameron County,TX,-5.8
48059,Callahan County,TX,-77.58
48057,Calhoun County,TX,-52.17
48055,Caldwell County,TX,-14.42
48053,Burnet County,TX,-55.71
48051,Burleson County,TX,-62.84
48049,Brown County,TX,-73.94
48047,Brooks County,TX,9.62
48045,Briscoe County,TX,-79.84
48043,Brewster County,TX,-12.59
48041,Brazos County,TX,-24.85
48039,Brazoria County,TX,-19.69
48037,Bowie County,TX,-48.7
48035,Bosque County,TX,-67.34
48033,Borden County,TX,-91.47
48031,Blanco County,TX,-52.52
48029,Bexar County,TX,9.75
48027,Bell County,TX,-16.23
48025,Bee County,TX,-39.88
48023,Baylor County,TX,-77.07
48021,Bastrop County,TX,-18.38
48019,Bandera County,TX,-61.85
48017,Bailey County,TX,-61.09
48015,Austin County,TX,-62.69
48013,Atascosa County,TX,-43.32
48011,Armstrong County,TX,-85.84
48009,Archer County,TX,-79.35
48007,Aransas County,TX,-55.72
48005,Angelina County,TX,-52.01
48003,Andrews County,TX,-72.6
48001,Anderson County,TX,-61.81
47189,Wilson County,TN,-40.08
47187,Williamson County,TN,-32.4
47185,White County,TN,-66.6
47183,Weakley County,TN,-58.35
47181,Wayne County,TN,-76.91
47179,Washington County,TN,-39.47
47177,Warren County,TN,-56.1
47175,Van Buren County,TN,-67.2
47173,Union County,TN,-71.15
47171,Unicoi County,TN,-62.03
47169,Trousdale County,TN,-58.88
47167,Tipton County,TN,-52.84
47165,Sumner County,TN,-41.83
47163,Sullivan County,TN,-54.98
47161,Stewart County,TN,-63.88
47159,Smith County,TN,-64.91
47157,Shelby County,TN,25.37
47155,Sevier County,TN,-61.14
47153,Sequatchie County,TN,-66.29
47151,Scott County,TN,-79.81
47149,Rutherford County,TN,-21.78
47147,Robertson County,TN,-50.85
47145,Roane County,TN,-54.49
47143,Rhea County,TN,-66.89
47141,Putnam County,TN,-47.41
47139,Polk County,TN,-68.13
47137,Pickett County,TN,-66.15
47135,Perry County,TN,-69.46
47133,Overton County,TN,-64.24
47131,Obion County,TN,-64.92
47129,Morgan County,TN,-74.45
47127,Moore County,TN,-68.91
47125,Montgomery County,TN,-18.42
47123,Monroe County,TN,-66.83
47121,Meigs County,TN,-67.5
47119,Maury County,TN,-44.6
47117,Marshall County,TN,-56.61
47115,Marion County,TN,-55.71
47113,Madison County,TN,-18.19
47111,Macon County,TN,-74.33
47109,McNairy County,TN,-68.43
47107,McMinn County,TN,-64.25
47105,Loudon County,TN,-53
47103,Lincoln County,TN,-64.65
47101,Lewis County,TN,-65.55
47099,Lawrence County,TN,-69.06
47097,Lauderdale County,TN,-37.04
47095,Lake County,TN,-54.87
47093,Knox County,TN,-19.52
47091,Johnson County,TN,-69.33
47089,Jefferson County,TN,-64.17
47087,Jackson County,TN,-62.47
47085,Humphreys County,TN,-56.06
47083,Houston County,TN,-58.16
47081,Hickman County,TN,-61.08
47079,Henry County,TN,-55.34
47077,Henderson County,TN,-67.91
47075,Haywood County,TN,0.38
47073,Hawkins County,TN,-68.83
47071,Hardin County,TN,-71.02
47069,Hardeman County,TN,-24.11
47067,Hancock County,TN,-76.48
47065,Hamilton County,TN,-13.05
47063,Hamblen County,TN,-58.91
47061,Grundy County,TN,-69.31
47059,Greene County,TN,-65.74
47057,Grainger County,TN,-73.66
47055,Giles County,TN,-55.02
47053,Gibson County,TN,-51.95
47051,Franklin County,TN,-53.16
47049,Fentress County,TN,-75.8
47047,Fayette County,TN,-42.35
47045,Dyer County,TN,-61.8
47043,Dickson County,TN,-51.93
47041,DeKalb County,TN,-62.72
47039,Decatur County,TN,-69.1
47037,Davidson County,TN,27.45
47035,Cumberland County,TN,-58.9
47033,Crockett County,TN,-58.74
47031,Coffee County,TN,-55.09
47029,Cocke County,TN,-68.25
47027,Clay County,TN,-66.57
47025,Claiborne County,TN,-70.13
47023,Chester County,TN,-64.93
47021,Cheatham County,TN,-45.91
47019,Carter County,TN,-63.23
47017,Carroll County,TN,-61.56
47015,Cannon County,TN,-66.12
47013,Campbell County,TN,-69.62
47011,Bradley County,TN,-58.86
47009,Blount County,TN,-47.72
47007,Bledsoe County,TN,-70.47
47005,Benton County,TN,-62.93
47003,Bedford County,TN,-57.99
47001,Anderson County,TN,-35.73
46137,Ziebach County,SD,-2.82
46135,Yankton County,SD,-25.54
46129,Walworth County,SD,-59.16
46127,Union County,SD,-40.69
46125,Turner County,SD,-51.34
46123,Tripp County,SD,-63.3
46121,Todd County,SD,50.47
46119,Sully County,SD,-60.82
46117,Stanley County,SD,-46.86
46115,Spink County,SD,-38.99
46111,Sanborn County,SD,-55.28
46109,Roberts County,SD,-22.99
46107,Potter County,SD,-65.1
46105,Perkins County,SD,-70.02
46103,Pennington County,SD,-26.44
46102,Oglala Lakota County,SD,70.57
46101,Moody County,SD,-31.86
46099,Minnehaha County,SD,-12.68
46097,Miner County,SD,-46.96
46095,Mellette County,SD,-20.14
46093,Meade County,SD,-50.89
46091,Marshall County,SD,-23.99
46089,McPherson County,SD,-69.21
46087,McCook County,SD,-49.29
46085,Lyman County,SD,-39.46
46083,Lincoln County,SD,-26.49
46081,Lawrence County,SD,-31.35
46079,Lake County,SD,-31.17
46077,Kingsbury County,SD,-43.88
46075,Jones County,SD,-75.82
46073,Jerauld County,SD,-43.24
46071,Jackson County,SD,-35.08
46069,Hyde County,SD,-54.96
46067,Hutchinson County,SD,-57.9
46065,Hughes County,SD,-30.12
46063,Harding County,SD,-86.1
46061,Hanson County,SD,-59.24
46059,Hand County,SD,-57.31
46057,Hamlin County,SD,-60.45
46055,Haakon County,SD,-79.91
46053,Gregory County,SD,-60.17
46051,Grant County,SD,-45.4
46049,Faulk County,SD,-65.22
46047,Fall River County,SD,-49.25
46045,Edmunds County,SD,-60.76
46043,Douglas County,SD,-72.38
46041,Dewey County,SD,12.77
46039,Deuel County,SD,-51.74
46037,Day County,SD,-29.88
46035,Davison County,SD,-37.76
46033,Custer County,SD,-45.76
46031,Corson County,SD,-11.9
46029,Codington County,SD,-40.78
46027,Clay County,SD,6.54
46025,Clark County,SD,-52.5
46023,Charles Mix County,SD,-42.9
46021,Campbell County,SD,-70.1
46019,Butte County,SD,-60.65
46017,Buffalo County,SD,27.25
46015,Brule County,SD,-42.43
46013,Brown County,SD,-26.81
46011,Brookings County,SD,-17.38
46009,Bon Homme County,SD,-51.44
46007,Bennett County,SD,-26.38
46005,Beadle County,SD,-40.07
46003,Aurora County,SD,-54.13
45091,York County,SC,-19.09
45089,Williamsburg County,SC,21.7
45087,Union County,SC,-32.7
45085,Sumter County,SC,4.89
45083,Spartanburg County,SC,-33.63
45081,Saluda County,SC,-44.35
45079,Richland County,SC,34.59
45077,Pickens County,SC,-52.67
45075,Orangeburg County,SC,24.57
45073,Oconee County,SC,-51.55
45071,Newberry County,SC,-34.34
45069,Marlboro County,SC,2.37
45067,Marion County,SC,10.53
45065,McCormick County,SC,-17.1
45063,Lexington County,SC,-33.46
45061,Lee County,SC,17.67
45059,Laurens County,SC,-40.85
45057,Lancaster County,SC,-24.76
45055,Kershaw County,SC,-28.22
45053,Jasper County,SC,-9.63
45051,Horry County,SC,-38.55
45049,Hampton County,SC,6.4
45047,Greenwood County,SC,-28.97
45045,Greenville County,SC,-22.2
45043,Georgetown County,SC,-19.5
45041,Florence County,SC,-8.03
45039,Fairfield County,SC,13.24
45037,Edgefield County,SC,-31.85
45035,Dorchester County,SC,-14.6
45033,Dillon County,SC,-10.83
45031,Darlington County,SC,-13.32
45029,Colleton County,SC,-18.17
45027,Clarendon County,SC,-12.26
45025,Chesterfield County,SC,-28.07
45023,Chester County,SC,-17.21
45021,Cherokee County,SC,-51.36
45019,Charleston County,SC,5.67
45017,Calhoun County,SC,-14.34
45015,Berkeley County,SC,-16.27
45013,Beaufort County,SC,-14.48
45011,Barnwell County,SC,-15.54
45009,Bamberg County,SC,15.26
45007,Anderson County,SC,-47.35
45005,Allendale County,SC,44.72
45003,Aiken County,SC,-25.9
45001,Abbeville County,SC,-42.41
44009,Washington County,RI,15.01
44007,Providence County,RI,14.43
44005,Newport County,RI,25.49
44003,Kent County,RI,1.88
44001,Bristol County,RI,26.35
42133,York County,PA,-25.26
42131,Wyoming County,PA,-36.82
42129,Westmoreland County,PA,-28.42
42127,Wayne County,PA,-37.09
42125,Washington County,PA,-25.51
42123,Warren County,PA,-39.25
42121,Venango County,PA,-42.12
42119,Union County,PA,-23.38
42117,Tioga County,PA,-51.75
42115,Susquehanna County,PA,-44.73
42113,Sullivan County,PA,-46.9
42111,Somerset County,PA,-57.23
42109,Snyder County,PA,-47.04
42107,Schuylkill County,PA,-42.06
42105,Potter County,PA,-62.29
42103,Pike County,PA,-24.05
42101,Philadelphia County,PA,58.81
42099,Perry County,PA,-49.32
42097,Northumberland County,PA,-39.93
42095,Northampton County,PA,-1.77
42093,Montour County,PA,-21.01
42091,Montgomery County,PA,22.8
42089,Monroe County,PA,-0.78
42087,Mifflin County,PA,-56.4
42085,Mercer County,PA,-30.16
42083,McKean County,PA,-47.18
42081,Lycoming County,PA,-41.46
42079,Luzerne County,PA,-19.17
42077,Lehigh County,PA,2.69
42075,Lebanon County,PA,-31.95
42073,Lawrence County,PA,-33.77
42071,Lancaster County,PA,-15.95
42069,Lackawanna County,PA,2.79
42067,Juniata County,PA,-61.39
42065,Jefferson County,PA,-58.49
42063,Indiana County,PA,-39.12
42061,Huntingdon County,PA,-52.94
42059,Greene County,PA,-44.83
42057,Fulton County,PA,-72.61
42055,Franklin County,PA,-42.99
42053,Forest County,PA,-44.45
42051,Fayette County,PA,-37.95
42049,Erie County,PA,-1.02
42047,Elk County,PA,-46.99
42045,Delaware County,PA,23.74
42043,Dauphin County,PA,5.92
42041,Cumberland County,PA,-9.44
42039,Crawford County,PA,-39.25
42037,Columbia County,PA,-31.03
42035,Clinton County,PA,-40.87
42033,Clearfield County,PA,-51.53
42031,Clarion County,PA,-53.08
42029,Chester County,PA,14.46
42027,Centre County,PA,2.83
42025,Carbon County,PA,-34.79
42023,Cameron County,PA,-50.29
42021,Cambria County,PA,-39.69
42019,Butler County,PA,-32.21
42017,Bucks County,PA,-0.07
42015,Bradford County,PA,-47.92
42013,Blair County,PA,-43.46
42011,Berks County,PA,-12.18
42009,Bedford County,PA,-68.62
42007,Beaver County,PA,-20.71
42005,Armstrong County,PA,-53.19
42003,Allegheny County,PA,20.31
42001,Adams County,PA,-33.65
41071,Yamhill County,OR,-6.13
41069,Wheeler County,OR,-47.05
41067,Washington County,OR,33.97
41065,Wasco County,OR,-5.68
41063,Wallowa County,OR,-35.28
41061,Union County,OR,-40.58
41059,Umatilla County,OR,-37.75
41057,Tillamook County,OR,-1.35
41055,Sherman County,OR,-56.94
41053,Polk County,OR,-3.8
41051,Multnomah County,OR,62.12
41049,Morrow County,OR,-48.37
41047,Marion County,OR,-2
41045,Malheur County,OR,-44.36
41043,Linn County,OR,-24.39
41041,Lincoln County,OR,18.43
41039,Lane County,OR,23.15
41037,Lake County,OR,-65.3
41035,Klamath County,OR,-41.9
41033,Josephine County,OR,-29.07
41031,Jefferson County,OR,-30.18
41029,Jackson County,OR,-6.43
41027,Hood River County,OR,35.74
41025,Harney County,OR,-59.38
41023,Grant County,OR,-60.39
41021,Gilliam County,OR,-45.49
41019,Douglas County,OR,-37.66
41017,Deschutes County,OR,10.1
41015,Curry County,OR,-16.11
41013,Crook County,OR,-50.8
41011,Coos County,OR,-19.88
41009,Columbia County,OR,-13.89
41007,Clatsop County,OR,11.37
41005,Clackamas County,OR,9.73
41003,Benton County,OR,39.6
41001,Baker County,OR,-49.18
40153,Woodward County,OK,-71.99
40151,Woods County,OK,-64.35
40149,Washita County,OK,-74.79
40147,Washington County,OK,-47.65
40145,Wagoner County,OK,-49.76
40143,Tulsa County,OK,-15.23
40141,Tillman County,OK,-59.46
40139,Texas County,OK,-67.73
40137,Stephens County,OK,-63.67
40135,Sequoyah County,OK,-61.5
40133,Seminole County,OK,-49.73
40131,Rogers County,OK,-55
40129,Roger Mills County,OK,-80.09
40127,Pushmataha County,OK,-72.5
40125,Pottawatomie County,OK,-47.44
40123,Pontotoc County,OK,-46.61
40121,Pittsburg County,OK,-59
40119,Payne County,OK,-25.28
40117,Pawnee County,OK,-58.87
40115,Ottawa County,OK,-53.49
40113,Osage County,OK,-41.39
40111,Okmulgee County,OK,-42.66
40109,Oklahoma County,OK,-1.68
40107,Okfuskee County,OK,-55.82
40105,Nowata County,OK,-66.96
40103,Noble County,OK,-57.37
40101,Muskogee County,OK,-37.57
40099,Murray County,OK,-61.33
40097,Mayes County,OK,-57.47
40095,Marshall County,OK,-63.42
40093,Major County,OK,-79.36
40091,McIntosh County,OK,-52.73
40089,McCurtain County,OK,-68.87
40087,McClain County,OK,-60.63
40085,Love County,OK,-66.22
40083,Logan County,OK,-49.06
40081,Lincoln County,OK,-63.26
40079,Le Flore County,OK,-64.78
40077,Latimer County,OK,-65.58
40075,Kiowa County,OK,-58.3
40073,Kingfisher County,OK,-71.39
40071,Kay County,OK,-49.35
40069,Johnston County,OK,-65.67
40067,Jefferson County,OK,-71.62
40065,Jackson County,OK,-58.28
40063,Hughes County,OK,-62.52
40061,Haskell County,OK,-69.65
40059,Harper County,OK,-78.36
40057,Harmon County,OK,-61.68
40055,Greer County,OK,-65.74
40053,Grant County,OK,-70.54
40051,Grady County,OK,-62.66
40049,Garvin County,OK,-66.06
40047,Garfield County,OK,-53.76
40045,Ellis County,OK,-76.6
40043,Dewey County,OK,-80.14
40041,Delaware County,OK,-60.37
40039,Custer County,OK,-53.25
40037,Creek County,OK,-55.75
40035,Craig County,OK,-58.26
40033,Cotton County,OK,-66.84
40031,Comanche County,OK,-23.33
40029,Coal County,OK,-71.32
40027,Cleveland County,OK,-14.92
40025,Cimarron County,OK,-84.92
40023,Choctaw County,OK,-65.42
40021,Cherokee County,OK,-32.6
40019,Carter County,OK,-54.74
40017,Canadian County,OK,-40.39
40015,Caddo County,OK,-47.09
40013,Bryan County,OK,-58.56
40011,Blaine County,OK,-62.94
40009,Beckham County,OK,-70.08
40007,Beaver County,OK,-83.8
40005,Atoka County,OK,-71.58
40003,Alfalfa County,OK,-76.62
40001,Adair County,OK,-63
39175,Wyandot County,OH,-51.22
39173,Wood County,OH,-10.15
39171,Williams County,OH,-48.25
39169,Wayne County,OH,-39.27
39167,Washington County,OH,-43.75
39165,Warren County,OH,-31.52
39163,Vinton County,OH,-58.6
39161,Van Wert County,OH,-58.5
39159,Union County,OH,-29.63
39157,Tuscarawas County,OH,-43.28
39155,Trumbull County,OH,-16.81
39153,Summit County,OH,6.98
39151,Stark County,OH,-21.93
39149,Shelby County,OH,-64.81
39147,Seneca County,OH,-37.51
39145,Scioto County,OH,-47.97
39143,Sandusky County,OH,-30.87
39141,Ross County,OH,-39.34
39139,Richland County,OH,-42.34
39137,Putnam County,OH,-68.75
39135,Preble County,OH,-59.13
39133,Portage County,OH,-15.53
39131,Pike County,OH,-53.68
39129,Pickaway County,OH,-48.54
39127,Perry County,OH,-54.51
39125,Paulding County,OH,-56.23
39123,Ottawa County,OH,-25.07
39121,Noble County,OH,-64.62
39119,Muskingum County,OH,-43.92
39117,Morrow County,OH,-55.74
39115,Morgan County,OH,-53.2
39113,Montgomery County,OH,0.47
39111,Monroe County,OH,-59.76
39109,Miami County,OH,-45.13
39107,Mercer County,OH,-66.72
39105,Meigs County,OH,-56.97
39103,Medina County,OH,-24.8
39101,Marion County,OH,-41.37
39099,Mahoning County,OH,-9.42
39097,Madison County,OH,-43.66
39095,Lucas County,OH,12.56
39093,Lorain County,OH,-5.72
39091,Logan County,OH,-56.21
39089,Licking County,OH,-30.01
39087,Lawrence County,OH,-50.54
39085,Lake County,OH,-14.35
39083,Knox County,OH,-44.92
39081,Jefferson County,OH,-43.91
39079,Jackson County,OH,-58.07
39077,Huron County,OH,-44.05
39075,Holmes County,OH,-69.15
39073,Hocking County,OH,-44.3
39071,Highland County,OH,-63.35
39069,Henry County,OH,-46.73
39067,Harrison County,OH,-55.21
39065,Hardin County,OH,-54.67
39063,Hancock County,OH,-38.45
39061,Hamilton County,OH,14.89
39059,Guernsey County,OH,-52.06
39057,Greene County,OH,-19.8
39055,Geauga County,OH,-24.12
39053,Gallia County,OH,-59.4
39051,Fulton County,OH,-42.4
39049,Franklin County,OH,28.4
39047,Fayette County,OH,-55.15
39045,Fairfield County,OH,-24.05
39043,Erie County,OH,-14.15
39041,Delaware County,OH,-6.59
39039,Defiance County,OH,-39.86
39037,Darke County,OH,-65.37
39035,Cuyahoga County,OH,31.47
39033,Crawford County,OH,-52.96
39031,Coshocton County,OH,-52.21
39029,Columbiana County,OH,-49
39027,Clinton County,OH,-54.63
39025,Clermont County,OH,-35.78
39023,Clark County,OH,-29.53
39021,Champaign County,OH,-50.76
39019,Carroll County,OH,-54.73
39017,Butler County,OH,-26.27
39015,Brown County,OH,-61.51
39013,Belmont County,OH,-47.3
39011,Auglaize County,OH,-64.57
39009,Athens County,OH,10.75
39007,Ashtabula County,OH,-28.39
39005,Ashland County,OH,-49.95
39003,Allen County,OH,-44.1
39001,Adams County,OH,-65.74
38105,Williams County,ND,-68.12
38103,Wells County,ND,-62.89
38101,Ward County,ND,-47.38
38099,Walsh County,ND,-45.18
38097,Traill County,ND,-31.64
38095,Towner County,ND,-45.68
38093,Stutsman County,ND,-44.6
38091,Steele County,ND,-25.37
38089,Stark County,ND,-65.59
38087,Slope County,ND,-82.17
38085,Sioux County,ND,38.84
38083,Sheridan County,ND,-72.11
38081,Sargent County,ND,-32.71
38079,Rolette County,ND,28.08
38077,Richland County,ND,-37.85
38075,Renville County,ND,-67.66
38073,Ransom County,ND,-28.15
38071,Ramsey County,ND,-40.28
38069,Pierce County,ND,-53.91
38067,Pembina County,ND,-53.3
38065,Oliver County,ND,-69.46
38063,Nelson County,ND,-31.97
38061,Mountrail County,ND,-43.15
38059,Morton County,ND,-53.77
38057,Mercer County,ND,-69.01
38055,McLean County,ND,-58.13
38053,McKenzie County,ND,-69.63
38051,McIntosh County,ND,-65.39
38049,McHenry County,ND,-63.77
38047,Logan County,ND,-75.75
38045,LaMoure County,ND,-55.05
38043,Kidder County,ND,-64.63
38041,Hettinger County,ND,-69.32
38039,Griggs County,ND,-51.52
38037,Grant County,ND,-66.79
38035,Grand Forks County,ND,-18.19
38033,Golden Valley County,ND,-73.68
38031,Foster County,ND,-58.57
38029,Emmons County,ND,-77.59
38027,Eddy County,ND,-45.46
38025,Dunn County,ND,-69.25
38023,Divide County,ND,-55.36
38021,Dickey County,ND,-52.24
38019,Cavalier County,ND,-49.06
38017,Cass County,ND,-8.42
38015,Burleigh County,ND,-43.23
38013,Burke County,ND,-74.12
38011,Bowman County,ND,-73.06
38009,Bottineau County,ND,-55.32
38007,Billings County,ND,-69.88
38005,Benson County,ND,-18.46
38003,Barnes County,ND,-35.32
38001,Adams County,ND,-62.72
37199,Yancey County,NC,-34.44
37197,Yadkin County,NC,-62.42
37195,Wilson County,NC,0.4
37193,Wilkes County,NC,-59.65
37191,Wayne County,NC,-16.39
37189,Watauga County,NC,5.98
37187,Washington County,NC,6.23
37185,Warren County,NC,18.99
37183,Wake County,NC,25.55
37181,Vance County,NC,13.35
37179,Union County,NC,-25.28
37177,Tyrrell County,NC,-21.52
37175,Transylvania County,NC,-12.17
37173,Swain County,NC,-23.71
37171,Surry County,NC,-53.31
37169,Stokes County,NC,-59.6
37167,Stanly County,NC,-50.85
37165,Scotland County,NC,-6.93
37163,Sampson County,NC,-29.79
37161,Rutherford County,NC,-47.81
37159,Rowan County,NC,-35.91
37157,Rockingham County,NC,-35.91
37155,Robeson County,NC,-27.68
37153,Richmond County,NC,-20.88
37151,Randolph County,NC,-57.23
37149,Polk County,NC,-25.17
37147,Pitt County,NC,5.97
37145,Person County,NC,-23.71
37143,Perquimans County,NC,-39.38
37141,Pender County,NC,-34.97
37139,Pasquotank County,NC,-4.87
37137,Pamlico County,NC,-32.07
37135,Orange County,NC,51.06
37133,Onslow County,NC,-35.93
37131,Northampton County,NC,14.5
37129,New Hanover County,NC,0.63
37127,Nash County,NC,-1.76
37125,Moore County,NC,-29.52
37123,Montgomery County,NC,-37.83
37121,Mitchell County,NC,-55.87
37119,Mecklenburg County,NC,32.89
37117,Martin County,NC,-10.32
37115,Madison County,NC,-23.49
37113,Macon County,NC,-38.02
37111,McDowell County,NC,-49.19
37109,Lincoln County,NC,-45.71
37107,Lenoir County,NC,-6.79
37105,Lee County,NC,-17.48
37103,Jones County,NC,-25.69
37101,Johnston County,NC,-21.52
37099,Jackson County,NC,-9.38
37097,Iredell County,NC,-32.62
37095,Hyde County,NC,-22.09
37093,Hoke County,NC,5.94
37091,Hertford County,NC,26.78
37089,Henderson County,NC,-14.55
37087,Haywood County,NC,-25.13
37085,Harnett County,NC,-25.11
37083,Halifax County,NC,17.7
37081,Guilford County,NC,21.84
37079,Greene County,NC,-18.1
37077,Granville County,NC,-9.42
37075,Graham County,NC,-63.83
37073,Gates County,NC,-21.67
37071,Gaston County,NC,-25.02
37069,Franklin County,NC,-13.57
37067,Forsyth County,NC,13.17
37065,Edgecombe County,NC,22.71
37063,Durham County,NC,61.93
37061,Duplin County,NC,-28.95
37059,Davie County,NC,-46.47
37057,Davidson County,NC,-47.06
37055,Dare County,NC,-18.79
37053,Currituck County,NC,-47.92
37051,Cumberland County,NC,13.41
37049,Craven County,NC,-20.46
37047,Columbus County,NC,-33.93
37045,Cleveland County,NC,-34.98
37043,Clay County,NC,-50.1
37041,Chowan County,NC,-22.46
37039,Cherokee County,NC,-57.45
37037,Chatham County,NC,12.49
37035,Catawba County,NC,-37.99
37033,Caswell County,NC,-24.55
37031,Carteret County,NC,-43.1
37029,Camden County,NC,-50.76
37027,Caldwell County,NC,-52.62
37025,Cabarrus County,NC,-7.72
37023,Burke County,NC,-41.23
37021,Buncombe County,NC,24.8
37019,Brunswick County,NC,-24.85
37017,Bladen County,NC,-20.4
37015,Bertie County,NC,15.69
37013,Beaufort County,NC,-31.1
37011,Avery County,NC,-52.4
37009,Ashe County,NC,-44.47
37007,Anson County,NC,-2.5
37005,Alleghany County,NC,-51.96
37003,Alexander County,NC,-59.85
37001,Alamance County,NC,-8.16
36123,Yates County,NY,-16.16
36121,Wyoming County,NY,-48.23
36119,Westchester County,NY,26.28
36117,Wayne County,NY,-23.07
36115,Washington County,NY,-21.21
36113,Warren County,NY,-4.22
36111,Ulster County,NY,18.66
36109,Tompkins County,NY,50.62
36107,Tioga County,NY,-22.88
36105,Sullivan County,NY,-16.71
36103,Suffolk County,NY,-9.97
36101,Steuben County,NY,-31.79
36099,Seneca County,NY,-11.8
36097,Schuyler County,NY,-20.96
36095,Schoharie County,NY,-30.53
36093,Schenectady County,NY,10.82
36091,Saratoga County,NY,1.83
36089,St. Lawrence County,NY,-18
36087,Rockland County,NY,-11.82
36085,Richmond County,NY,-29.78
36083,Rensselaer County,NY,1.36
36081,Queens County,NY,24.6
36079,Putnam County,NY,-13.69
36077,Otsego County,NY,-7.87
36075,Oswego County,NY,-24.18
36073,Orleans County,NY,-40.46
36071,Orange County,NY,-8.38
36069,Ontario County,NY,-1.17
36067,Onondaga County,NY,17.28
36065,Oneida County,NY,-21.25
36063,Niagara County,NY,-14.92
36061,New York County,NY,64.82
36059,Nassau County,NY,-4.2
36057,Montgomery County,NY,-28.73
36055,Monroe County,NY,19.08
36053,Madison County,NY,-13.06
36051,Livingston County,NY,-21.44
36049,Lewis County,NY,-44.41
36047,Kings County,NY,43.98
36045,Jefferson County,NY,-23.61
36043,Herkimer County,NY,-36.44
36041,Hamilton County,NY,-29.47
36039,Greene County,NY,-16.97
36037,Genesee County,NY,-33.95
36035,Fulton County,NY,-35.86
36033,Franklin County,NY,-9.01
36031,Essex County,NY,0.5
36029,Erie County,NY,9.68
36027,Dutchess County,NY,5.41
36025,Delaware County,NY,-19.77
36023,Cortland County,NY,-6.44
36021,Columbia County,NY,14.7
36019,Clinton County,NY,-2.15
36017,Chenango County,NY,-27.22
36015,Chemung County,NY,-16.8
36013,Chautauqua County,NY,-21.98
36011,Cayuga County,NY,-12.99
36009,Cattaraugus County,NY,-32.82
36007,Broome County,NY,0.42
36005,Bronx County,NY,45.44
36003,Allegany County,NY,-43.21
36001,Albany County,NY,25.84
35061,Valencia County,NM,-16.37
35059,Union County,NM,-52.19
35057,Torrance County,NM,-38.11
35055,Taos County,NM,47.48
35053,Socorro County,NM,-3.69
35051,Sierra County,NM,-19.17
35049,Santa Fe County,NM,48.91
35047,San Miguel County,NM,27.89
35045,San Juan County,NM,-31.74
35043,Sandoval County,NM,5.78
35041,Roosevelt County,NM,-43.18
35039,Rio Arriba County,NM,19.42
35037,Quay County,NM,-40.9
35035,Otero County,NM,-26.96
35033,Mora County,NM,17.25
35031,McKinley County,NM,24.54
35029,Luna County,NM,-18.89
35028,Los Alamos County,NM,30.19
35027,Lincoln County,NM,-38.46
35025,Lea County,NM,-61.61
35023,Hidalgo County,NM,-23.36
35021,Harding County,NM,-39.21
35019,Guadalupe County,NM,0.72
35017,Grant County,NM,5.07
35015,Eddy County,NM,-55.85
35013,Doña Ana County,NM,9.77
35011,De Baca County,NM,-50.69
35009,Curry County,NM,-42.59
35007,Colfax County,NM,-14.04
35006,Cibola County,NM,1.55
35005,Chaves County,NM,-44.83
35003,Catron County,NM,-50.11
35001,Bernalillo County,NM,21.03
34041,Warren County,NJ,-20.7
34039,Union County,NJ,24.21
34037,Sussex County,NJ,-24.94
34035,Somerset County,NJ,13.92
34033,Salem County,NJ,-19.21
34031,Passaic County,NJ,-2.86
34029,Ocean County,NJ,-36.02
34027,Morris County,NJ,-2.73
34025,Monmouth County,NJ,-11.39
34023,Middlesex County,NJ,8.04
34021,Mercer County,NJ,33.86
34019,Hunterdon County,NJ,-6.67
34017,Hudson County,NJ,28.05
34015,Gloucester County,NJ,-2.8
34013,Essex County,NJ,44.91
34011,Cumberland County,NJ,-3.75
34009,Cape May County,NJ,-19.25
34007,Camden County,NJ,27.44
34005,Burlington County,NJ,16.63
34003,Bergen County,NJ,3.39
34001,Atlantic County,NJ,-3.03
33019,Sullivan County,NH,-0.67
33017,Strafford County,NH,12.07
33015,Rockingham County,NH,-2.44
33013,Merrimack County,NH,5.21
33011,Hillsborough County,NH,2.88
33009,Grafton County,NH,19.94
33007,Coos County,NH,-13.79
33005,Cheshire County,NH,9.82
33003,Carroll County,NH,-1.68
33001,Belknap County,NH,-13.06
32510,Carson City,NV,-11.26
32033,White Pine County,NV,-57.02
32031,Washoe County,NV,1
32029,Storey County,NV,-38.86
32027,Pershing County,NV,-54.94
32023,Nye County,NV,-42.18
32021,Mineral County,NV,-35.6
32019,Lyon County,NV,-44.44
32017,Lincoln County,NV,-72.57
32015,Lander County,NV,-62.31
32013,Humboldt County,NV,-55.17
32011,Eureka County,NV,-77.8
32009,Esmeralda County,NV,-65.73
32007,Elko County,NV,-56.62
32005,Douglas County,NV,-32.86
32003,Clark County,NV,2.63
32001,Churchill County,NV,-50.23
31185,York County,NE,-51.35
31183,Wheeler County,NE,-75.51
31181,Webster County,NE,-65.4
31179,Wayne County,NE,-49.23
31177,Washington County,NE,-42.38
31175,Valley County,NE,-63.9
31173,Thurston County,NE,-6.92
31171,Thomas County,NE,-77.35
31169,Thayer County,NE,-60.8
31167,Stanton County,NE,-66.71
31165,Sioux County,NE,-76.7
31163,Sherman County,NE,-60.23
31161,Sheridan County,NE,-70.05
31159,Seward County,NE,-46.59
31157,Scotts Bluff County,NE,-47.72
31155,Saunders County,NE,-46.41
31153,Sarpy County,NE,-11.66
31151,Saline County,NE,-33.23
31149,Rock County,NE,-79.14
31147,Richardson County,NE,-51.45
31145,Red Willow County,NE,-68.42
31143,Polk County,NE,-63.68
31141,Platte County,NE,-58.34
31139,Pierce County,NE,-76.32
31137,Phelps County,NE,-68.48
31135,Perkins County,NE,-72.72
31133,Pawnee County,NE,-58.09
31131,Otoe County,NE,-38.89
31129,Nuckolls County,NE,-63.64
31127,Nemaha County,NE,-44.7
31125,Nance County,NE,-60.42
31123,Morrill County,NE,-68.43
31121,Merrick County,NE,-64.97
31119,Madison County,NE,-55.99
31117,McPherson County,NE,-90.11
31115,Loup County,NE,-65.65
31113,Logan County,NE,-87.27
31111,Lincoln County,NE,-55.2
31109,Lancaster County,NE,4.31
31107,Knox County,NE,-63.28
31105,Kimball County,NE,-66.98
31103,Keya Paha County,NE,-83.82
31101,Keith County,NE,-63.94
31099,Kearney County,NE,-58.05
31097,Johnson County,NE,-40.47
31095,Jefferson County,NE,-45.33
31093,Howard County,NE,-62.7
31091,Hooker County,NE,-73.54
31089,Holt County,NE,-74
31087,Hitchcock County,NE,-77.95
31085,Hayes County,NE,-91.7
31083,Harlan County,NE,-68.04
31081,Hamilton County,NE,-60.37
31079,Hall County,NE,-37.76
31077,Greeley County,NE,-67.85
31075,Grant County,NE,-91.8
31073,Gosper County,NE,-62.97
31071,Garfield County,NE,-76.55
31069,Garden County,NE,-70.46
31067,Gage County,NE,-39.22
31065,Furnas County,NE,-69.83
31063,Frontier County,NE,-72.91
31061,Franklin County,NE,-69.69
31059,Fillmore County,NE,-54.86
31057,Dundy County,NE,-78.9
31055,Douglas County,NE,10.17
31053,Dodge County,NE,-32.6
31051,Dixon County,NE,-58.65
31049,Deuel County,NE,-68.38
31047,Dawson County,NE,-49.59
31045,Dawes County,NE,-47.05
31043,Dakota County,NE,-29.82
31041,Custer County,NE,-72.31
31039,Cuming County,NE,-60.04
31037,Colfax County,NE,-50.94
31035,Clay County,NE,-63.44
31033,Cheyenne County,NE,-64.13
31031,Cherry County,NE,-76.18
31029,Chase County,NE,-77.38
31027,Cedar County,NE,-70.01
31025,Cass County,NE,-37.2
31023,Butler County,NE,-59.65
31021,Burt County,NE,-45.1
31019,Buffalo County,NE,-44.94
31017,Brown County,NE,-74.73
31015,Boyd County,NE,-74.98
31013,Box Butte County,NE,-56.46
31011,Boone County,NE,-66.08
31009,Blaine County,NE,-73.2
31007,Banner County,NE,-81.35
31005,Arthur County,NE,-87.59
31003,Antelope County,NE,-76.47
31001,Adams County,NE,-41.61
30111,Yellowstone County,MT,-27.11
30109,Wibaux County,MT,-71.79
30107,Wheatland County,MT,-58.38
30105,Valley County,MT,-51.09
30103,Treasure County,MT,-70.14
30101,Toole County,MT,-56.5
30099,Teton County,MT,-45.01
30097,Sweet Grass County,MT,-53.09
30095,Stillwater County,MT,-61.68
30093,Silver Bow County,MT,7
30091,Sheridan County,MT,-42.47
30089,Sanders County,MT,-55.09
30087,Rosebud County,MT,-37.12
30085,Roosevelt County,MT,-9.58
30083,Richland County,MT,-67.98
30081,Ravalli County,MT,-40.57
30079,Prairie County,MT,-61.63
30077,Powell County,MT,-53.5
30075,Powder River County,MT,-75.23
30073,Pondera County,MT,-41.73
30071,Phillips County,MT,-62.49
30069,Petroleum County,MT,-76.23
30067,Park County,MT,-7.72
30065,Musselshell County,MT,-71.51
30063,Missoula County,MT,21.43
30061,Mineral County,MT,-48.01
30059,Meagher County,MT,-53.92
30057,Madison County,MT,-45.29
30055,McCone County,MT,-74.12
30053,Lincoln County,MT,-53.39
30051,Liberty County,MT,-54.45
30049,Lewis and Clark County,MT,-5.7
30047,Lake County,MT,-19.93
30045,Judith Basin County,MT,-58.09
30043,Jefferson County,MT,-36.52
30041,Hill County,MT,-18.18
30039,Granite County,MT,-44.03
30037,Golden Valley County,MT,-72.43
30035,Glacier County,MT,19.57
30033,Garfield County,MT,-89.62
30031,Gallatin County,MT,3.21
30029,Flathead County,MT,-33.78
30027,Fergus County,MT,-51.3
30025,Fallon County,MT,-75.65
30023,Deer Lodge County,MT,0.97
30021,Dawson County,MT,-58.93
30019,Daniels County,MT,-65.62
30017,Custer County,MT,-48.7
30015,Chouteau County,MT,-32.21
30013,Cascade County,MT,-22.35
30011,Carter County,MT,-80.21
30009,Carbon County,MT,-32.42
30007,Broadwater County,MT,-59.98
30005,Blaine County,MT,-5.9
30003,Big Horn County,MT,-1.7
30001,Beaverhead County,MT,-43.41
29510,St. Louis city,MO,64.71
29229,Wright County,MO,-75.66
29227,Worth County,MO,-64.62
29225,Webster County,MO,-62.25
29223,Wayne County,MO,-72.64
29221,Washington County,MO,-65.24
29219,Warren County,MO,-49.49
29217,Vernon County,MO,-59.49
29215,Texas County,MO,-71.72
29213,Taney County,MO,-59.33
29211,Sullivan County,MO,-66.06
29209,Stone County,MO,-61.38
29207,Stoddard County,MO,-73.88
29205,Shelby County,MO,-65.63
29203,Shannon County,MO,-68.25
29201,Scott County,MO,-58.91
29199,Scotland County,MO,-61.47
29197,Schuyler County,MO,-64.47
29195,Saline County,MO,-40.43
29189,St. Louis County,MO,23.42
29187,St. Francois County,MO,-51.41
29186,Ste. Genevieve County,MO,-45.03
29185,St. Clair County,MO,-60.62
29183,St. Charles County,MO,-16.97
29181,Ripley County,MO,-73.04
29179,Reynolds County,MO,-68.3
29177,Ray County,MO,-48.66
29175,Randolph County,MO,-52.16
29173,Ralls County,MO,-59.22
29171,Putnam County,MO,-70.34
29169,Pulaski County,MO,-50.27
29167,Polk County,MO,-61.6
29165,Platte County,MO,-3.14
29163,Pike County,MO,-57.94
29161,Phelps County,MO,-42.91
29159,Pettis County,MO,-48.76
29157,Perry County,MO,-63.41
29155,Pemiscot County,MO,-49.07
29153,Ozark County,MO,-70.01
29151,Osage County,MO,-73.11
29149,Oregon County,MO,-69.12
29147,Nodaway County,MO,-43.74
29145,Newton County,MO,-58.65
29143,New Madrid County,MO,-53.47
29141,Morgan County,MO,-59.7
29139,Montgomery County,MO,-60.14
29137,Monroe County,MO,-59.85
29135,Moniteau County,MO,-62.75
29133,Mississippi County,MO,-53.7
29131,Miller County,MO,-67.33
29129,Mercer County,MO,-73.1
29127,Marion County,MO,-52.93
29125,Maries County,MO,-67.53
29123,Madison County,MO,-64.92
29121,Macon County,MO,-61.48
29119,McDonald County,MO,-68.75
29117,Livingston County,MO,-57.82
29115,Linn County,MO,-57.25
29113,Lincoln County,MO,-55.89
29111,Lewis County,MO,-60.06
29109,Lawrence County,MO,-63.82
29107,Lafayette County,MO,-48.86
29105,Laclede County,MO,-66.75
29103,Knox County,MO,-64.53
29101,Johnson County,MO,-39.58
29099,Jefferson County,MO,-36.74
29097,Jasper County,MO,-46.77
29095,Jackson County,MO,19.33
29093,Iron County,MO,-62.43
29091,Howell County,MO,-66.76
29089,Howard County,MO,-44.26
29087,Holt County,MO,-69.09
29085,Hickory County,MO,-61.13
29083,Henry County,MO,-52.61
29081,Harrison County,MO,-71.76
29079,Grundy County,MO,-63.59
29077,Greene County,MO,-20.83
29075,Gentry County,MO,-61.82
29073,Gasconade County,MO,-60.22
29071,Franklin County,MO,-45.86
29069,Dunklin County,MO,-61.79
29067,Douglas County,MO,-71.97
29065,Dent County,MO,-70.22
29063,DeKalb County,MO,-62.63
29061,Daviess County,MO,-63.29
29059,Dallas County,MO,-64.56
29057,Dade County,MO,-67.12
29055,Crawford County,MO,-62.19
29053,Cooper County,MO,-45.81
29051,Cole County,MO,-34.42
29049,Clinton County,MO,-47.92
29047,Clay County,MO,-5.65
29045,Clark County,MO,-61.54
29043,Christian County,MO,-52.25
29041,Chariton County,MO,-56.36
29039,Cedar County,MO,-69.63
29037,Cass County,MO,-32.09
29035,Carter County,MO,-74.21
29033,Carroll County,MO,-64.47
29031,Cape Girardeau County,MO,-46.49
29029,Camden County,MO,-54.3
29027,Callaway County,MO,-43.27
29025,Caldwell County,MO,-61.3
29023,Butler County,MO,-63.77
29021,Buchanan County,MO,-28
29019,Boone County,MO,9.76
29017,Bollinger County,MO,-74.81
29015,Benton County,MO,-59.06
29013,Bates County,MO,-61.62
29011,Barton County,MO,-72.15
29009,Barry County,MO,-63.52
29007,Audrain County,MO,-47.64
29005,Atchison County,MO,-59.82
29003,Andrew County,MO,-51.75
29001,Adair County,MO,-33.58
28163,Yazoo County,MS,-2.41
28161,Yalobusha County,MS,-20.91
28159,Winston County,MS,-18.25
28157,Wilkinson County,MS,25.32
28155,Webster County,MS,-65.22
28153,Wayne County,MS,-32.73
28151,Washington County,MS,34.98
28149,Warren County,MS,-3.96
28147,Walthall County,MS,-26.94
28145,Union County,MS,-70.14
28143,Tunica County,MS,38.91
28141,Tishomingo County,MS,-78.93
28139,Tippah County,MS,-67.12
28137,Tate County,MS,-43.78
28135,Tallahatchie County,MS,5.93
28133,Sunflower County,MS,35.51
28131,Stone County,MS,-58.01
28129,Smith County,MS,-60.71
28127,Simpson County,MS,-36.71
28125,Sharkey County,MS,36.81
28123,Scott County,MS,-23.95
28121,Rankin County,MS,-47.13
28119,Quitman County,MS,30.74
28117,Prentiss County,MS,-66.02
28115,Pontotoc County,MS,-67.71
28113,Pike County,MS,-3.49
28111,Perry County,MS,-60.43
28109,Pearl River County,MS,-66.7
28107,Panola County,MS,-14.85
28105,Oktibbeha County,MS,-0.28
28103,Noxubee County,MS,47.61
28101,Newton County,MS,-43.31
28099,Neshoba County,MS,-50.93
28097,Montgomery County,MS,-20.82
28095,Monroe County,MS,-35.91
28093,Marshall County,MS,-7.27
28091,Marion County,MS,-41.64
28089,Madison County,MS,-17.29
28087,Lowndes County,MS,-8.15
28085,Lincoln County,MS,-45.37
28083,Leflore County,MS,38.45
28081,Lee County,MS,-38.83
28079,Leake County,MS,-23.4
28077,Lawrence County,MS,-36.58
28075,Lauderdale County,MS,-21.2
28073,Lamar County,MS,-48.76
28071,Lafayette County,MS,-21.76
28069,Kemper County,MS,16.89
28067,Jones County,MS,-46.81
28065,Jefferson Davis County,MS,13.74
28063,Jefferson County,MS,66.26
28061,Jasper County,MS,-5.02
28059,Jackson County,MS,-39.89
28057,Itawamba County,MS,-79.99
28055,Issaquena County,MS,-1.45
28053,Humphreys County,MS,41.9
28051,Holmes County,MS,62.07
28049,Hinds County,MS,46.09
28047,Harrison County,MS,-28.9
28045,Hancock County,MS,-58.66
28043,Grenada County,MS,-16.29
28041,Greene County,MS,-69.76
28039,George County,MS,-78.78
28037,Franklin County,MS,-39.79
28035,Forrest County,MS,-17.93
28033,DeSoto County,MS,-24.08
28031,Covington County,MS,-33.27
28029,Copiah County,MS,-6.07
28027,Coahoma County,MS,39.81
28025,Clay County,MS,10.41
28023,Clarke County,MS,-35.17
28021,Claiborne County,MS,67.55
28019,Choctaw County,MS,-49.25
28017,Chickasaw County,MS,-13.67
28015,Carroll County,MS,-44.26
28013,Calhoun County,MS,-47.99
28011,Bolivar County,MS,23.73
28009,Benton County,MS,-31.37
28007,Attala County,MS,-23.28
28005,Amite County,MS,-32.84
28003,Alcorn County,MS,-68.35
28001,Adams County,MS,13.93
27173,Yellow Medicine County,MN,-40.62
27171,Wright County,MN,-29.35
27169,Winona County,MN,-4.9
27167,Wilkin County,MN,-39.01
27165,Watonwan County,MN,-27.78
27163,Washington County,MN,8.92
27161,Waseca County,MN,-32.51
27159,Wadena County,MN,-51.47
27157,Wabasha County,MN,-28.2
27155,Traverse County,MN,-31.54
27153,Todd County,MN,-53.54
27151,Swift County,MN,-34.16
27149,Stevens County,MN,-27.06
27147,Steele County,MN,-24.47
27145,Stearns County,MN,-26.75
27143,Sibley County,MN,-43.03
27141,Sherburne County,MN,-34.9
27139,Scott County,MN,-8.49
27137,St. Louis County,MN,13.72
27135,Roseau County,MN,-49.33
27133,Rock County,MN,-39.27
27131,Rice County,MN,-2.51
27129,Renville County,MN,-41.41
27127,Redwood County,MN,-43.32
27125,Red Lake County,MN,-37.11
27123,Ramsey County,MN,43.32
27121,Pope County,MN,-31.69
27119,Polk County,MN,-33.76
27117,Pipestone County,MN,-48.09
27115,Pine County,MN,-35.17
27113,Pennington County,MN,-31.48
27111,Otter Tail County,MN,-34.21
27109,Olmsted County,MN,10.66
27107,Norman County,MN,-22.22
27105,Nobles County,MN,-35.63
27103,Nicollet County,MN,-0.51
27101,Murray County,MN,-42.42
27099,Mower County,MN,-10.49
27097,Morrison County,MN,-56.04
27095,Mille Lacs County,MN,-40.86
27093,Meeker County,MN,-42.82
27091,Martin County,MN,-39.67
27089,Marshall County,MN,-51.69
27087,Mahnomen County,MN,-8.73
27085,McLeod County,MN,-37.95
27083,Lyon County,MN,-31.79
27081,Lincoln County,MN,-37.76
27079,Le Sueur County,MN,-33.68
27077,Lake of the Woods County,MN,-47.14
27075,Lake County,MN,3.88
27073,Lac qui Parle County,MN,-32.24
27071,Koochiching County,MN,-25.66
27069,Kittson County,MN,-25.01
27067,Kandiyohi County,MN,-31.02
27065,Kanabec County,MN,-42.35
27063,Jackson County,MN,-42.1
27061,Itasca County,MN,-20.16
27059,Isanti County,MN,-41.21
27057,Hubbard County,MN,-31.49
27055,Houston County,MN,-16.5
27053,Hennepin County,MN,42.63
27051,Grant County,MN,-30.56
27049,Goodhue County,MN,-16.45
27047,Freeborn County,MN,-21.33
27045,Fillmore County,MN,-25.51
27043,Faribault County,MN,-37.41
27041,Douglas County,MN,-35.13
27039,Dodge County,MN,-32.03
27037,Dakota County,MN,12.87
27035,Crow Wing County,MN,-31.39
27033,Cottonwood County,MN,-41.11
27031,Cook County,MN,34.99
27029,Clearwater County,MN,-50.07
27027,Clay County,MN,0.48
27025,Chisago County,MN,-31.42
27023,Chippewa County,MN,-34.11
27021,Cass County,MN,-33.44
27019,Carver County,MN,-5.4
27017,Carlton County,MN,-2.55
27015,Brown County,MN,-35.22
27013,Blue Earth County,MN,-1.22
27011,Big Stone County,MN,-29.55
27009,Benton County,MN,-35.92
27007,Beltrami County,MN,-5.66
27005,Becker County,MN,-33.13
27003,Anoka County,MN,-4.44
27001,Aitkin County,MN,-30.88
26165,Wexford County,MI,-34.63
26163,Wayne County,MI,28.97
26161,Washtenaw County,MI,44.42
26159,Van Buren County,MI,-15.14
26157,Tuscola County,MI,-42.98
26155,Shiawassee County,MI,-23.06
26153,Schoolcraft County,MI,-31.96
26151,Sanilac County,MI,-47.66
26149,St. Joseph County,MI,-33.95
26147,St. Clair County,MI,-34.64
26145,Saginaw County,MI,-3.27
26143,Roscommon County,MI,-32.94
26141,Presque Isle County,MI,-28.97
26139,Ottawa County,MI,-20.45
26137,Otsego County,MI,-35.32
26135,Oscoda County,MI,-44.34
26133,Osceola County,MI,-47.88
26131,Ontonagon County,MI,-30.36
26129,Ogemaw County,MI,-42
26127,Oceana County,MI,-30.01
26125,Oakland County,MI,10.59
26123,Newaygo County,MI,-42.81
26121,Muskegon County,MI,-1.79
26119,Montmorency County,MI,-45.33
26117,Montcalm County,MI,-38.98
26115,Monroe County,MI,-27.13
26113,Missaukee County,MI,-55.96
26111,Midland County,MI,-15.2
26109,Menominee County,MI,-33.62
26107,Mecosta County,MI,-30.05
26105,Mason County,MI,-21.36
26103,Marquette County,MI,8.74
26101,Manistee County,MI,-15.95
26099,Macomb County,MI,-13.69
26097,Mackinac County,MI,-24.88
26095,Luce County,MI,-46.93
26093,Livingston County,MI,-23.95
26091,Lenawee County,MI,-23.04
26089,Leelanau County,MI,7.75
26087,Lapeer County,MI,-39.79
26085,Lake County,MI,-32.18
26083,Keweenaw County,MI,-12.79
26081,Kent County,MI,5.37
26079,Kalkaska County,MI,-42.87
26077,Kalamazoo County,MI,17.73
26075,Jackson County,MI,-21.3
26073,Isabella County,MI,-7.49
26071,Iron County,MI,-29.32
26069,Iosco County,MI,-30.58
26067,Ionia County,MI,-31.87
26065,Ingham County,MI,29.71
26063,Huron County,MI,-40.6
26061,Houghton County,MI,-17.04
26059,Hillsdale County,MI,-51.41
26057,Gratiot County,MI,-31.3
26055,Grand Traverse County,MI,-1.73
26053,Gogebic County,MI,-17.1
26051,Gladwin County,MI,-40.73
26049,Genesee County,MI,4.2
26047,Emmet County,MI,-10.77
26045,Eaton County,MI,-3.14
26043,Dickinson County,MI,-36.32
26041,Delta County,MI,-30.39
26039,Crawford County,MI,-33.75
26037,Clinton County,MI,-8.61
26035,Clare County,MI,-37.59
26033,Chippewa County,MI,-24.25
26031,Cheboygan County,MI,-31.11
26029,Charlevoix County,MI,-16.91
26027,Cass County,MI,-33.93
26025,Calhoun County,MI,-14.04
26023,Branch County,MI,-42.38
26021,Berrien County,MI,-7.87
26019,Benzie County,MI,-8.68
26017,Bay County,MI,-14.72
26015,Barry County,MI,-34.33
26013,Baraga County,MI,-29.8
26011,Arenac County,MI,-40.59
26009,Antrim County,MI,-23.76
26007,Alpena County,MI,-28.64
26005,Allegan County,MI,-27.22
26003,Alger County,MI,-19.8
26001,Alcona County,MI,-41.67
25027,Worcester County,MA,10
25025,Suffolk County,MA,52.45
25023,Plymouth County,MA,8.84
25021,Norfolk County,MA,28.76
25019,Nantucket County,MA,36.9
25017,Middlesex County,MA,39.45
25015,Hampshire County,MA,41.92
25013,Hampden County,MA,8.89
25011,Franklin County,MA,37.75
25009,Essex County,MA,20.34
25007,Dukes County,MA,52.61
25005,Bristol County,MA,1.3
25003,Berkshire County,MA,39.93
25001,Barnstable County,MA,20.75
24510,Baltimore city,MD,72.95
24047,Worcester County,MD,-22
24045,Wicomico County,MD,-5.46
24043,Washington County,MD,-23.01
24041,Talbot County,MD,-0.03
24039,Somerset County,MD,-17.35
24037,St. Mary's County,MD,-17.17
24035,Queen Anne's County,MD,-27.78
24033,Prince George's County,MD,75.15
24031,Montgomery County,MD,53.3
24029,Kent County,MD,-2.8
24027,Howard County,MD,41.74
24025,Harford County,MD,-13.82
24023,Garrett County,MD,-54.02
24021,Frederick County,MD,8.81
24019,Dorchester County,MD,-14.56
24017,Charles County,MD,40.71
24015,Cecil County,MD,-30.87
24013,Carroll County,MD,-24.96
24011,Caroline County,MD,-38.05
24009,Calvert County,MD,-10.99
24005,Baltimore County,MD,24.5
24003,Anne Arundel County,MD,13.94
24001,Allegany County,MD,-40.34
23031,York County,ME,10.48
23029,Washington County,ME,-23.49
23027,Waldo County,ME,3.37
23025,Somerset County,ME,-27.05
23023,Sagadahoc County,ME,16.62
23021,Piscataquis County,ME,-29.17
23019,Penobscot County,ME,-10.9
23017,Oxford County,ME,-12.9
23015,Lincoln County,ME,11.25
23013,Knox County,ME,18.59
23011,Kennebec County,ME,-2.75
23009,Hancock County,ME,11.77
23007,Franklin County,ME,-8.24
23005,Cumberland County,ME,36.31
23003,Aroostook County,ME,-26.21
23001,Androscoggin County,ME,-6.09
22127,Winn Parish,LA,-54.4
22125,West Feliciana Parish,LA,-31.94
22123,West Carroll Parish,LA,-74.04
22121,West Baton Rouge Parish,LA,-11.7
22119,Webster Parish,LA,-36.48
22117,Washington Parish,LA,-40.29
22115,Vernon Parish,LA,-67.87
22113,Vermilion Parish,LA,-63.84
22111,Union Parish,LA,-56.99
22109,Terrebonne Parish,LA,-51.81
22107,Tensas Parish,LA,-4.28
22105,Tangipahoa Parish,LA,-37.41
22103,St. Tammany Parish,LA,-43.79
22101,St. Mary Parish,LA,-31.87
22099,St. Martin Parish,LA,-40.72
22097,St. Landry Parish,LA,-18.84
22095,St. John the Baptist Parish,LA,29.14
22093,St. James Parish,LA,-0.93
22091,St. Helena Parish,LA,0.77
22089,St. Charles Parish,LA,-32.34
22087,St. Bernard Parish,LA,-29.3
22085,Sabine Parish,LA,-70.06
22083,Richland Parish,LA,-39.4
22081,Red River Parish,LA,-27.28
22079,Rapides Parish,LA,-36.77
22077,Pointe Coupee Parish,LA,-27.55
22075,Plaquemines Parish,LA,-38.01
22073,Ouachita Parish,LA,-27.88
22071,Orleans Parish,LA,67.01
22069,Natchitoches Parish,LA,-22.34
22067,Morehouse Parish,LA,-19.34
22065,Madison Parish,LA,6.21
22063,Livingston Parish,LA,-68.49
22061,Lincoln Parish,LA,-25.45
22059,LaSalle Parish,LA,-82.73
22057,Lafourche Parish,LA,-62.08
22055,Lafayette Parish,LA,-31.36
22053,Jefferson Davis Parish,LA,-61.14
22051,Jefferson Parish,LA,-12.95
22049,Jackson Parish,LA,-47.59
22047,Iberville Parish,LA,-0.74
22045,Iberia Parish,LA,-34.12
22043,Grant Parish,LA,-76.84
22041,Franklin Parish,LA,-49.19
22039,Evangeline Parish,LA,-49.08
22037,East Feliciana Parish,LA,-22.23
22035,East Carroll Parish,LA,17.65
22033,East Baton Rouge Parish,LA,11.07
22031,De Soto Parish,LA,-35.46
22029,Concordia Parish,LA,-29.35
22027,Claiborne Parish,LA,-22.06
22025,Catahoula Parish,LA,-50.55
22023,Cameron Parish,LA,-86.29
22021,Caldwell Parish,LA,-72.54
22019,Calcasieu Parish,LA,-39.59
22017,Caddo Parish,LA,4.64
22015,Bossier Parish,LA,-43.34
22013,Bienville Parish,LA,-18.05
22011,Beauregard Parish,LA,-71.26
22009,Avoyelles Parish,LA,-43.14
22007,Assumption Parish,LA,-35.59
22005,Ascension Parish,LA,-33.94
22003,Allen Parish,LA,-61.04
22001,Acadia Parish,LA,-63.95
21239,Woodford County,KY,-14.26
21237,Wolfe County,KY,-50.57
21235,Whitley County,KY,-69.32
21233,Webster County,KY,-57.34
21231,Wayne County,KY,-65.95
21229,Washington County,KY,-50.28
21227,Warren County,KY,-24.26
21225,Union County,KY,-58.32
21223,Trimble County,KY,-55.54
21221,Trigg County,KY,-52.38
21219,Todd County,KY,-57.86
21217,Taylor County,KY,-56.68
21215,Spencer County,KY,-56.73
21213,Simpson County,KY,-43.87
21211,Shelby County,KY,-34.68
21209,Scott County,KY,-27.71
21207,Russell County,KY,-72.21
21205,Rowan County,KY,-27.76
21203,Rockcastle County,KY,-73.14
21201,Robertson County,KY,-61.19
21199,Pulaski County,KY,-65.25
21197,Powell County,KY,-54.44
21195,Pike County,KY,-65.39
21193,Perry County,KY,-59.52
21191,Pendleton County,KY,-63.52
21189,Owsley County,KY,-77.32
21187,Owen County,KY,-62.72
21185,Oldham County,KY,-22.58
21183,Ohio County,KY,-60.22
21181,Nicholas County,KY,-49.02
21179,Nelson County,KY,-41.76
21177,Muhlenberg County,KY,-54.36
21175,Morgan County,KY,-63.54
21173,Montgomery County,KY,-46.59
21171,Monroe County,KY,-77.3
21169,Metcalfe County,KY,-64.66
21167,Mercer County,KY,-50.57
21165,Menifee County,KY,-57.69
21163,Meade County,KY,-52.06
21161,Mason County,KY,-43.69
21159,Martin County,KY,-83.61
21157,Marshall County,KY,-56.69
21155,Marion County,KY,-43.52
21153,Magoffin County,KY,-64.07
21151,Madison County,KY,-30.89
21149,McLean County,KY,-55.88
21147,McCreary County,KY,-78.73
21145,McCracken County,KY,-34.94
21143,Lyon County,KY,-53.43
21141,Logan County,KY,-55.06
21139,Livingston County,KY,-63.05
21137,Lincoln County,KY,-61.2
21135,Lewis County,KY,-75.7
21133,Letcher County,KY,-63.95
21131,Leslie County,KY,-80.93
21129,Lee County,KY,-67.7
21127,Lawrence County,KY,-67.26
21125,Laurel County,KY,-69.86
21123,Larue County,KY,-60.4
21121,Knox County,KY,-71.12
21119,Knott County,KY,-59.15
21117,Kenton County,KY,-21.74
21115,Johnson County,KY,-70.67
21113,Jessamine County,KY,-35.85
21111,Jefferson County,KY,16.55
21109,Jackson County,KY,-81.77
21107,Hopkins County,KY,-50.87
21105,Hickman County,KY,-61
21103,Henry County,KY,-52.46
21101,Henderson County,KY,-29.24
21099,Hart County,KY,-60.04
21097,Harrison County,KY,-48.5
21095,Harlan County,KY,-76.17
21093,Hardin County,KY,-29.34
21091,Hancock County,KY,-47.53
21089,Greenup County,KY,-50.54
21087,Green County,KY,-72.58
21085,Grayson County,KY,-61.8
21083,Graves County,KY,-61.6
21081,Grant County,KY,-64.78
21079,Garrard County,KY,-60.19
21077,Gallatin County,KY,-59.94
21075,Fulton County,KY,-39.86
21073,Franklin County,KY,-4.85
21071,Floyd County,KY,-59.2
21069,Fleming County,KY,-60.63
21067,Fayette County,KY,18.11
21065,Estill County,KY,-63.24
21063,Elliott County,KY,-61.94
21061,Edmonson County,KY,-62.91
21059,Daviess County,KY,-31.94
21057,Cumberland County,KY,-70.92
21055,Crittenden County,KY,-68.39
21053,Clinton County,KY,-76.37
21051,Clay County,KY,-80.31
21049,Clark County,KY,-35.32
21047,Christian County,KY,-33.58
21045,Casey County,KY,-76.44
21043,Carter County,KY,-58.46
21041,Carroll County,KY,-50.96
21039,Carlisle County,KY,-67.97
21037,Campbell County,KY,-19.66
21035,Calloway County,KY,-37.95
21033,Caldwell County,KY,-58.24
21031,Butler County,KY,-66.31
21029,Bullitt County,KY,-50.99
21027,Breckinridge County,KY,-58.17
21025,Breathitt County,KY,-59.34
21023,Bracken County,KY,-65.05
21021,Boyle County,KY,-29.01
21019,Boyd County,KY,-38.53
21017,Bourbon County,KY,-33.52
21015,Boone County,KY,-37.17
21013,Bell County,KY,-68.67
21011,Bath County,KY,-51.27
21009,Barren County,KY,-52.8
21007,Ballard County,KY,-64.43
21005,Anderson County,KY,-49.08
21003,Allen County,KY,-67.09
21001,Adair County,KY,-71.18
20209,Wyandotte County,KS,23.85
20207,Woodson County,KS,-61.29
20205,Wilson County,KS,-62.36
20203,Wichita County,KS,-73.6
20201,Washington County,KS,-69.15
20199,Wallace County,KS,-84.76
20197,Wabaunsee County,KS,-48.8
20195,Trego County,KS,-71.01
20193,Thomas County,KS,-65.78
20191,Sumner County,KS,-50.08
20189,Stevens County,KS,-75.48
20187,Stanton County,KS,-63.55
20185,Stafford County,KS,-64.01
20183,Smith County,KS,-68.54
20181,Sherman County,KS,-68.72
20179,Sheridan County,KS,-80.34
20177,Shawnee County,KS,0.5
20175,Seward County,KS,-38.97
20173,Sedgwick County,KS,-13.83
20171,Scott County,KS,-74.71
20169,Saline County,KS,-31.58
20167,Russell County,KS,-61.31
20165,Rush County,KS,-65.44
20163,Rooks County,KS,-71.19
20161,Riley County,KS,1.78
20159,Rice County,KS,-56.68
20157,Republic County,KS,-65.7
20155,Reno County,KS,-34.5
20153,Rawlins County,KS,-72.56
20151,Pratt County,KS,-51.45
20149,Pottawatomie County,KS,-47.63
20147,Phillips County,KS,-73.72
20145,Pawnee County,KS,-51.51
20143,Ottawa County,KS,-66.57
20141,Osborne County,KS,-68.55
20139,Osage County,KS,-48.02
20137,Norton County,KS,-67.67
20135,Ness County,KS,-78.94
20133,Neosho County,KS,-48.13
20131,Nemaha County,KS,-67.03
20129,Morton County,KS,-73.4
20127,Morris County,KS,-46.56
20125,Montgomery County,KS,-51.07
20123,Mitchell County,KS,-65.57
20121,Miami County,KS,-39.51
20119,Meade County,KS,-69.62
20117,Marshall County,KS,-49.09
20115,Marion County,KS,-49.11
20113,McPherson County,KS,-41.09
20111,Lyon County,KS,-14.69
20109,Logan County,KS,-71.64
20107,Linn County,KS,-64.57
20105,Lincoln County,KS,-65.23
20103,Leavenworth County,KS,-22.77
20101,Lane County,KS,-70.94
20099,Labette County,KS,-38.19
20097,Kiowa County,KS,-71.36
20095,Kingman County,KS,-59.94
20093,Kearny County,KS,-68.41
20091,Johnson County,KS,8.49
20089,Jewell County,KS,-75.86
20087,Jefferson County,KS,-36.91
20085,Jackson County,KS,-42.6
20083,Hodgeman County,KS,-70.5
20081,Haskell County,KS,-64.48
20079,Harvey County,KS,-21.07
20077,Harper County,KS,-63.99
20075,Hamilton County,KS,-66.26
20073,Greenwood County,KS,-60.96
20071,Greeley County,KS,-73.36
20069,Gray County,KS,-68.99
20067,Grant County,KS,-62.97
20065,Graham County,KS,-65.66
20063,Gove County,KS,-77.15
20061,Geary County,KS,-17.61
20059,Franklin County,KS,-40.11
20057,Ford County,KS,-38.36
20055,Finney County,KS,-34.7
20053,Ellsworth County,KS,-52.28
20051,Ellis County,KS,-46.13
20049,Elk County,KS,-69.66
20047,Edwards County,KS,-65.33
20045,Douglas County,KS,38.01
20043,Doniphan County,KS,-63.54
20041,Dickinson County,KS,-54.95
20039,Decatur County,KS,-69.01
20037,Crawford County,KS,-25.27
20035,Cowley County,KS,-40.29
20033,Comanche County,KS,-68.31
20031,Coffey County,KS,-55.68
20029,Cloud County,KS,-60.56
20027,Clay County,KS,-55.51
20025,Clark County,KS,-72.78
20023,Cheyenne County,KS,-68.85
20021,Cherokee County,KS,-52.93
20019,Chautauqua County,KS,-71.25
20017,Chase County,KS,-50.75
20015,Butler County,KS,-41.18
20013,Brown County,KS,-47.93
20011,Bourbon County,KS,-54.15
20009,Barton County,KS,-56.75
20007,Barber County,KS,-72.17
20005,Atchison County,KS,-37.35
20003,Anderson County,KS,-59.77
20001,Allen County,KS,-46.14
19197,Wright County,IA,-36.51
19195,Worth County,IA,-28.21
19193,Woodbury County,IA,-23.02
19191,Winneshiek County,IA,-9.27
19189,Winnebago County,IA,-30.69
19187,Webster County,IA,-31.18
19185,Wayne County,IA,-57.17
19183,Washington County,IA,-24.43
19181,Warren County,IA,-20.74
19179,Wapello County,IA,-31.45
19177,Van Buren County,IA,-55.41
19175,Union County,IA,-36.19
19173,Taylor County,IA,-55.72
19171,Tama County,IA,-26.87
19169,Story County,IA,10.37
19167,Sioux County,IA,-71.11
19165,Shelby County,IA,-43
19163,Scott County,IA,-3.9
19161,Sac County,IA,-51.6
19159,Ringgold County,IA,-51.32
19157,Poweshiek County,IA,-16.96
19155,Pottawattamie County,IA,-19.97
19153,Polk County,IA,10.89
19151,Pocahontas County,IA,-54.04
19149,Plymouth County,IA,-54.25
19147,Palo Alto County,IA,-44.98
19145,Page County,IA,-42.39
19143,Osceola County,IA,-64.24
19141,O'Brien County,IA,-60.93
19139,Muscatine County,IA,-14.93
19137,Montgomery County,IA,-39.08
19135,Monroe County,IA,-50.7
19133,Monona County,IA,-45.39
19131,Mitchell County,IA,-31.14
19129,Mills County,IA,-39.1
19127,Marshall County,IA,-15.57
19125,Marion County,IA,-37.77
19123,Mahaska County,IA,-51.6
19121,Madison County,IA,-38.58
19119,Lyon County,IA,-69.82
19117,Lucas County,IA,-48.09
19115,Louisa County,IA,-40.97
19113,Linn County,IA,9.91
19111,Lee County,IA,-27.81
19109,Kossuth County,IA,-44.16
19107,Keokuk County,IA,-51.54
19105,Jones County,IA,-26.29
19103,Johnson County,IA,38.06
19101,Jefferson County,IA,-6.79
19099,Jasper County,IA,-27.59
19097,Jackson County,IA,-32.53
19095,Iowa County,IA,-27.74
19093,Ida County,IA,-53.4
19091,Humboldt County,IA,-50.01
19089,Howard County,IA,-31.8
19087,Henry County,IA,-35.97
19085,Harrison County,IA,-41.84
19083,Hardin County,IA,-38.38
19081,Hancock County,IA,-47.41
19079,Hamilton County,IA,-33.3
19077,Guthrie County,IA,-37.95
19075,Grundy County,IA,-41.78
19073,Greene County,IA,-32.99
19071,Fremont County,IA,-44.6
19069,Franklin County,IA,-41.72
19067,Floyd County,IA,-25.73
19065,Fayette County,IA,-30.47
19063,Emmet County,IA,-44.02
19061,Dubuque County,IA,-8.6
19059,Dickinson County,IA,-40.01
19057,Des Moines County,IA,-15.05
19055,Delaware County,IA,-39.62
19053,Decatur County,IA,-47.06
19051,Davis County,IA,-54.41
19049,Dallas County,IA,-4.75
19047,Crawford County,IA,-43.51
19045,Clinton County,IA,-18.86
19043,Clayton County,IA,-34.52
19041,Clay County,IA,-43.22
19039,Clarke County,IA,-42.05
19037,Chickasaw County,IA,-37.16
19035,Cherokee County,IA,-45.77
19033,Cerro Gordo County,IA,-11.65
19031,Cedar County,IA,-21.79
19029,Cass County,IA,-40.72
19027,Carroll County,IA,-41.92
19025,Calhoun County,IA,-46.73
19023,Butler County,IA,-45.35
19021,Buena Vista County,IA,-33.26
19019,Buchanan County,IA,-28.22
19017,Bremer County,IA,-22.18
19015,Boone County,IA,-21.53
19013,Black Hawk County,IA,1.16
19011,Benton County,IA,-33.24
19009,Audubon County,IA,-38.41
19007,Appanoose County,IA,-46.67
19005,Allamakee County,IA,-34.33
19003,Adams County,IA,-44.16
19001,Adair County,IA,-45.03
18183,Whitley County,IN,-49.91
18181,White County,IN,-45.01
18179,Wells County,IN,-57.84
18177,Wayne County,IN,-32.46
18175,Washington County,IN,-54.83
18173,Warrick County,IN,-30.19
18171,Warren County,IN,-57.3
18169,Wabash County,IN,-50.81
18167,Vigo County,IN,-18.1
18165,Vermillion County,IN,-44.74
18163,Vanderburgh County,IN,-12.64
18161,Union County,IN,-55.88
18159,Tipton County,IN,-50.81
18157,Tippecanoe County,IN,-0.15
18155,Switzerland County,IN,-57.46
18153,Sullivan County,IN,-52.7
18151,Steuben County,IN,-42.12
18149,Starke County,IN,-52.04
18147,Spencer County,IN,-43.27
18145,Shelby County,IN,-48.01
18143,Scott County,IN,-51.48
18141,St. Joseph County,IN,1.48
18139,Rush County,IN,-54.04
18137,Ripley County,IN,-61.48
18135,Randolph County,IN,-53.66
18133,Putnam County,IN,-51.97
18131,Pulaski County,IN,-53.67
18129,Posey County,IN,-43.43
18127,Porter County,IN,-10.48
18125,Pike County,IN,-54.85
18123,Perry County,IN,-29.76
18121,Parke County,IN,-56.92
18119,Owen County,IN,-50.69
18117,Orange County,IN,-52.14
18115,Ohio County,IN,-55.48
18113,Noble County,IN,-51.4
18111,Newton County,IN,-56.98
18109,Morgan County,IN,-54.33
18107,Montgomery County,IN,-48.2
18105,Monroe County,IN,27.43
18103,Miami County,IN,-54.55
18101,Martin County,IN,-60.72
18099,Marshall County,IN,-43.4
18097,Marion County,IN,27.68
18095,Madison County,IN,-26.95
18093,Lawrence County,IN,-51.02
18091,LaPorte County,IN,-14.14
18089,Lake County,IN,5.64
18087,LaGrange County,IN,-56.79
18085,Kosciusko County,IN,-52.27
18083,Knox County,IN,-50.39
18081,Johnson County,IN,-34.33
18079,Jennings County,IN,-58.81
18077,Jefferson County,IN,-36.1
18075,Jay County,IN,-55.17
18073,Jasper County,IN,-54.31
18071,Jackson County,IN,-55.26
18069,Huntington County,IN,-48.39
18067,Howard County,IN,-35.26
18065,Henry County,IN,-47.71
18063,Hendricks County,IN,-21.5
18061,Harrison County,IN,-46.95
18059,Hancock County,IN,-33.71
18057,Hamilton County,IN,-6.07
18055,Greene County,IN,-53.73
18053,Grant County,IN,-41.77
18051,Gibson County,IN,-51.42
18049,Fulton County,IN,-51.25
18047,Franklin County,IN,-64.4
18045,Fountain County,IN,-59.95
18043,Floyd County,IN,-15.51
18041,Fayette County,IN,-56.32
18039,Elkhart County,IN,-32.38
18037,Dubois County,IN,-42.23
18035,Delaware County,IN,-15.78
18033,DeKalb County,IN,-47.07
18031,Decatur County,IN,-58.5
18029,Dearborn County,IN,-58.33
18027,Daviess County,IN,-64.3
18025,Crawford County,IN,-48.55
18023,Clinton County,IN,-48
18021,Clay County,IN,-56.92
18019,Clark County,IN,-20.36
18017,Cass County,IN,-46.2
18015,Carroll County,IN,-52.11
18013,Brown County,IN,-32.63
18011,Boone County,IN,-16.01
18009,Blackford County,IN,-50.32
18007,Benton County,IN,-47.12
18005,Bartholomew County,IN,-27.34
18003,Allen County,IN,-12.47
18001,Adams County,IN,-52.65
17203,Woodford County,IL,-42.05
17201,Winnebago County,IL,0.57
17199,Williamson County,IL,-38.78
17197,Will County,IL,1.6
17195,Whiteside County,IL,-14.7
17193,White County,IL,-59.4
17191,Wayne County,IL,-70.93
17189,Washington County,IL,-57.24
17187,Warren County,IL,-25.13
17185,Wabash County,IL,-53.84
17183,Vermilion County,IL,-35.66
17181,Union County,IL,-43.19
17179,Tazewell County,IL,-26.67
17177,Stephenson County,IL,-19.41
17175,Stark County,IL,-45.56
17173,Shelby County,IL,-60.25
17171,Scott County,IL,-61.19
17169,Schuyler County,IL,-46.83
17167,Sangamon County,IL,-4.96
17165,Saline County,IL,-49.01
17163,St. Clair County,IL,7.87
17161,Rock Island County,IL,9.59
17159,Richland County,IL,-53.49
17157,Randolph County,IL,-49.98
17155,Putnam County,IL,-22.82
17153,Pulaski County,IL,-34.24
17151,Pope County,IL,-60.13
17149,Pike County,IL,-63.74
17147,Piatt County,IL,-30.54
17145,Perry County,IL,-51.97
17143,Peoria County,IL,4.66
17141,Ogle County,IL,-29.39
17139,Moultrie County,IL,-49.07
17137,Morgan County,IL,-32.49
17135,Montgomery County,IL,-44.02
17133,Monroe County,IL,-36.3
17131,Mercer County,IL,-27.14
17129,Menard County,IL,-41.49
17127,Massac County,IL,-48.77
17125,Mason County,IL,-42.24
17123,Marshall County,IL,-36
17121,Marion County,IL,-49.49
17119,Madison County,IL,-13.26
17117,Macoupin County,IL,-39.2
17115,Macon County,IL,-18.91
17113,McLean County,IL,4.88
17111,McHenry County,IL,-5.3
17109,McDonough County,IL,-18.85
17107,Logan County,IL,-41.53
17105,Livingston County,IL,-46.31
17103,Lee County,IL,-22.22
17101,Lawrence County,IL,-56.23
17099,LaSalle County,IL,-18.48
17097,Lake County,IL,20.77
17095,Knox County,IL,-9.38
17093,Kendall County,IL,1.53
17091,Kankakee County,IL,-20.81
17089,Kane County,IL,9.36
17087,Johnson County,IL,-58.28
17085,Jo Daviess County,IL,-16.83
17083,Jersey County,IL,-50.19
17081,Jefferson County,IL,-47.77
17079,Jasper County,IL,-65.25
17077,Jackson County,IL,3.49
17075,Iroquois County,IL,-57.33
17073,Henry County,IL,-24.47
17071,Henderson County,IL,-38.79
17069,Hardin County,IL,-61.77
17067,Hancock County,IL,-49.96
17065,Hamilton County,IL,-63.29
17063,Grundy County,IL,-29.59
17061,Greene County,IL,-57.8
17059,Gallatin County,IL,-53.86
17057,Fulton County,IL,-23.84
17055,Franklin County,IL,-50.57
17053,Ford County,IL,-47.88
17051,Fayette County,IL,-64.73
17049,Effingham County,IL,-60.37
17047,Edwards County,IL,-71.08
17045,Edgar County,IL,-52.35
17043,DuPage County,IL,13.33
17041,Douglas County,IL,-46.14
17039,De Witt County,IL,-44.87
17037,DeKalb County,IL,1.98
17035,Cumberland County,IL,-61.86
17033,Crawford County,IL,-52.41
17031,Cook County,IL,42.01
17029,Coles County,IL,-28.46
17027,Clinton County,IL,-51.83
17025,Clay County,IL,-67.34
17023,Clark County,IL,-51.24
17021,Christian County,IL,-46.68
17019,Champaign County,IL,24.09
17017,Cass County,IL,-43.39
17015,Carroll County,IL,-31.67
17013,Calhoun County,IL,-55.93
17011,Bureau County,IL,-24.29
17009,Brown County,IL,-59.92
17007,Boone County,IL,-14.51
17005,Bond County,IL,-44.79
17003,Alexander County,IL,-19.24
17001,Adams County,IL,-47.41
16087,Washington County,ID,-61.57
16085,Valley County,ID,-18.58
16083,Twin Falls County,ID,-48.81
16081,Teton County,ID,6.84
16079,Shoshone County,ID,-49.4
16077,Power County,ID,-45.08
16075,Payette County,ID,-62.87
16073,Owyhee County,ID,-67.58
16071,Oneida County,ID,-75.95
16069,Nez Perce County,ID,-38.64
16067,Minidoka County,ID,-63.27
16065,Madison County,ID,-64.28
16063,Lincoln County,ID,-56.03
16061,Lewis County,ID,-65
16059,Lemhi County,ID,-54.96
16057,Latah County,ID,-7.97
16055,Kootenai County,ID,-51.84
16053,Jerome County,ID,-53.74
16051,Jefferson County,ID,-73.27
16049,Idaho County,ID,-67.84
16047,Gooding County,ID,-60.43
16045,Gem County,ID,-65.99
16043,Fremont County,ID,-68.95
16041,Franklin County,ID,-77.62
16039,Elmore County,ID,-48.54
16037,Custer County,ID,-53.28
16035,Clearwater County,ID,-62.83
16033,Clark County,ID,-69.07
16031,Cassia County,ID,-69.06
16029,Caribou County,ID,-71.21
16027,Canyon County,ID,-46.62
16025,Camas County,ID,-54.12
16023,Butte County,ID,-72.49
16021,Boundary County,ID,-65.39
16019,Bonneville County,ID,-45.37
16017,Bonner County,ID,-46.14
16015,Boise County,ID,-54.22
16013,Blaine County,ID,31.66
16011,Bingham County,ID,-59.63
16009,Benewah County,ID,-61.41
16007,Bear Lake County,ID,-77.05
16005,Bannock County,ID,-25.08
16003,Adams County,ID,-54.5
16001,Ada County,ID,-10.34
15009,Maui County,HI,25.89
15007,Kauai County,HI,19.53
15005,Kalawao County,HI,
15003,Honolulu County,HI,21.65
15001,Hawaii County,HI,28.27
13321,Worth County,GA,-50.39
13319,Wilkinson County,GA,-17.85
13317,Wilkes County,GA,-16.85
13315,Wilcox County,GA,-49.18
13313,Whitfield County,GA,-44.45
13311,White County,GA,-68.51
13309,Wheeler County,GA,-45.08
13307,Webster County,GA,-18.41
13305,Wayne County,GA,-59.75
13303,Washington County,GA,-1.91
13301,Warren County,GA,4.71
13299,Ware County,GA,-43.16
13297,Walton County,GA,-45.91
13295,Walker County,GA,-59.3
13293,Upson County,GA,-39.75
13291,Union County,GA,-62.46
13289,Twiggs County,GA,-14.68
13287,Turner County,GA,-28.49
13285,Troup County,GA,-24.39
13283,Treutlen County,GA,-44.41
13281,Towns County,GA,-62.3
13279,Toombs County,GA,-50.71
13277,Tift County,GA,-35.66
13275,Thomas County,GA,-24.11
13273,Terrell County,GA,4.1
13271,Telfair County,GA,-39.3
13269,Taylor County,GA,-30.99
13267,Tattnall County,GA,-53.43
13265,Taliaferro County,GA,14.93
13263,Talbot County,GA,11.99
13261,Sumter County,GA,2.22
13259,Stewart County,GA,16.27
13257,Stephens County,GA,-62.81
13255,Spalding County,GA,-16.66
13253,Seminole County,GA,-40.43
13251,Screven County,GA,-25.2
13249,Schley County,GA,-62.48
13247,Rockdale County,GA,47.51
13245,Richmond County,GA,36.12
13243,Randolph County,GA,7.63
13241,Rabun County,GA,-56.88
13239,Quitman County,GA,-15.44
13237,Putnam County,GA,-42.25
13235,Pulaski County,GA,-40.48
13233,Polk County,GA,-60.52
13231,Pike County,GA,-73.44
13229,Pierce County,GA,-77.51
13227,Pickens County,GA,-65.79
13225,Peach County,GA,-6.03
13223,Paulding County,GA,-24.13
13221,Oglethorpe County,GA,-42.39
13219,Oconee County,GA,-35.93
13217,Newton County,GA,15.15
13215,Muscogee County,GA,23.35
13213,Murray County,GA,-71.59
13211,Morgan County,GA,-45.94
13209,Montgomery County,GA,-53.01
13207,Monroe County,GA,-46.68
13205,Mitchell County,GA,-16.32
13201,Miller County,GA,-50.48
13199,Meriwether County,GA,-25.47
13197,Marion County,GA,-30.24
13195,Madison County,GA,-54.79
13193,Macon County,GA,17.9
13191,McIntosh County,GA,-28.6
13189,McDuffie County,GA,-24.91
13187,Lumpkin County,GA,-61.67
13185,Lowndes County,GA,-17.98
13183,Long County,GA,-29.49
13181,Lincoln County,GA,-44.78
13179,Liberty County,GA,17.45
13177,Lee County,GA,-43.53
13175,Laurens County,GA,-32.72
13173,Lanier County,GA,-46.33
13171,Lamar County,GA,-45.91
13169,Jones County,GA,-38.03
13167,Johnson County,GA,-46.36
13165,Jenkins County,GA,-30.45
13163,Jefferson County,GA,-1.22
13161,Jeff Davis County,GA,-68.31
13159,Jasper County,GA,-58.37
13157,Jackson County,GA,-55.09
13155,Irwin County,GA,-54.21
13153,Houston County,GA,-11.27
13151,Henry County,GA,29.66
13149,Heard County,GA,-72.08
13147,Hart County,GA,-54.8
13145,Harris County,GA,-46.11
13143,Haralson County,GA,-74.4
13141,Hancock County,GA,35.38
13139,Hall County,GA,-43.78
13137,Habersham County,GA,-64.89
13135,Gwinnett County,GA,16.51
13133,Greene County,GA,-28.95
13131,Grady County,GA,-38.21
13129,Gordon County,GA,-63.44
13127,Glynn County,GA,-25.99
13125,Glascock County,GA,-83.89
13123,Gilmer County,GA,-62.57
13121,Fulton County,GA,44.86
13119,Franklin County,GA,-72.59
13117,Forsyth County,GA,-33.11
13115,Floyd County,GA,-41.95
13113,Fayette County,GA,-3.16
13111,Fannin County,GA,-64.77
13109,Evans County,GA,-42.34
13107,Emanuel County,GA,-44.14
13105,Elbert County,GA,-43.38
13103,Effingham County,GA,-49.11
13101,Echols County,GA,-82.06
13099,Early County,GA,-11.48
13097,Douglas County,GA,31.45
13095,Dougherty County,GA,41.14
13093,Dooly County,GA,-7.71
13091,Dodge County,GA,-49.92
13089,DeKalb County,GA,64.75
13087,Decatur County,GA,-23.97
13085,Dawson County,GA,-65.26
13083,Dade County,GA,-66.6
13081,Crisp County,GA,-25.95
13079,Crawford County,GA,-49.84
13077,Coweta County,GA,-33.86
13075,Cook County,GA,-46.46
13073,Columbia County,GA,-25.64
13071,Colquitt County,GA,-50.19
13069,Coffee County,GA,-45.14
13067,Cobb County,GA,14.88
13065,Clinch County,GA,-51.55
13063,Clayton County,GA,69.21
13061,Clay County,GA,7.49
13059,Clarke County,GA,38.29
13057,Cherokee County,GA,-39.01
13055,Chattooga County,GA,-64.2
13053,Chattahoochee County,GA,-16.47
13051,Chatham County,GA,18.02
13049,Charlton County,GA,-56.18
13047,Catoosa County,GA,-55.5
13045,Carroll County,GA,-41.16
13043,Candler County,GA,-47.5
13039,Camden County,GA,-35.67
13037,Calhoun County,GA,12.31
13035,Butts County,GA,-45.16
13033,Burke County,GA,-9.33
13031,Bulloch County,GA,-29
13029,Bryan County,GA,-36.34
13027,Brooks County,GA,-26.78
13025,Brantley County,GA,-82.45
13023,Bleckley County,GA,-55.36
13021,Bibb County,GA,22.43
13019,Berrien County,GA,-69.81
13017,Ben Hill County,GA,-32.03
13015,Bartow County,GA,-50.97
13013,Barrow County,GA,-40.47
13011,Banks County,GA,-78.16
13009,Baldwin County,GA,-2.2
13007,Baker County,GA,-19.85
13005,Bacon County,GA,-73.18
13003,Atkinson County,GA,-53.97
13001,Appling County,GA,-62.41
12133,Washington County,FL,-65.4
12131,Walton County,FL,-57.83
12129,Wakulla County,FL,-44.34
12127,Volusia County,FL,-21.76
12125,Union County,FL,-68.26
12123,Taylor County,FL,-59.65
12121,Suwannee County,FL,-60.96
12119,Sumter County,FL,-37.62
12117,Seminole County,FL,-3.55
12115,Sarasota County,FL,-18.19
12113,Santa Rosa County,FL,-50.95
12111,St. Lucie County,FL,-9.06
12109,St. Johns County,FL,-31.35
12107,Putnam County,FL,-47.82
12105,Polk County,FL,-20.68
12103,Pinellas County,FL,-5.23
12101,Pasco County,FL,-25.22
12099,Palm Beach County,FL,0.76
12097,Osceola County,FL,-1.45
12095,Orange County,FL,13.59
12093,Okeechobee County,FL,-53.83
12091,Okaloosa County,FL,-42.45
12089,Nassau County,FL,-46.94
12087,Monroe County,FL,-18.34
12086,Miami-Dade County,FL,-11.45
12085,Martin County,FL,-31.11
12083,Marion County,FL,-31.64
12081,Manatee County,FL,-23.51
12079,Madison County,FL,-28.87
12077,Liberty County,FL,-66.82
12075,Levy County,FL,-50.26
12073,Leon County,FL,21.76
12071,Lee County,FL,-28.39
12069,Lake County,FL,-24.67
12067,Lafayette County,FL,-76.01
12065,Jefferson County,FL,-18.61
12063,Jackson County,FL,-46.08
12061,Indian River County,FL,-27.35
12059,Holmes County,FL,-80.2
12057,Hillsborough County,FL,-3.06
12055,Highlands County,FL,-40.76
12053,Hernando County,FL,-37.05
12051,Hendry County,FL,-38.31
12049,Hardee County,FL,-56.31
12047,Hamilton County,FL,-39.02
12045,Gulf County,FL,-54.2
12043,Glades County,FL,-53.27
12041,Gilchrist County,FL,-68.02
12039,Gadsden County,FL,30.67
12037,Franklin County,FL,-43.81
12035,Flagler County,FL,-28.24
12033,Escambia County,FL,-19.54
12031,Duval County,FL,-1.47
12029,Dixie County,FL,-70.41
12027,DeSoto County,FL,-42.95
12023,Columbia County,FL,-50.18
12021,Collier County,FL,-33.07
12019,Clay County,FL,-39.26
12017,Citrus County,FL,-45.89
12015,Charlotte County,FL,-33.98
12013,Calhoun County,FL,-67.61
12011,Broward County,FL,16.97
12009,Brevard County,FL,-20.83
12007,Bradford County,FL,-57.24
12005,Bay County,FL,-47.35
12003,Baker County,FL,-73.07
12001,Alachua County,FL,20.97
11001,District of Columbia,DC,86.07
10005,Sussex County,DE,-10.97
10003,New Castle County,DE,32.56
10001,Kent County,DE,2
09190,Western Connecticut Planning Region,CT,19.1
09180,Southeastern Connecticut Planning Region,CT,12.96
09170,South Central Connecticut Planning Region,CT,20.07
09160,Northwest Hills Planning Region,CT,-1.26
09150,Northeastern Connecticut Planning Region,CT,-15.43
09140,Naugatuck Valley Planning Region,CT,-7.38
09130,Lower Connecticut River Valley Planning Region,CT,13.44
09120,Greater Bridgeport Planning Region,CT,23.31
09110,Capitol Planning Region,CT,21.94
08125,Yuma County,CO,-65.39
08123,Weld County,CO,-20.97
08121,Washington County,CO,-75.09
08119,Teller County,CO,-35.47
08117,Summit County,CO,37.16
08115,Sedgwick County,CO,-56.33
08113,San Miguel County,CO,49.44
08111,San Juan County,CO,31.97
08109,Saguache County,CO,3.74
08107,Routt County,CO,27.74
08105,Rio Grande County,CO,-23.2
08103,Rio Blanco County,CO,-63.71
08101,Pueblo County,CO,-5.12
08099,Prowers County,CO,-50.66
08097,Pitkin County,CO,44.24
08095,Phillips County,CO,-62.7
08093,Park County,CO,-16.5
08091,Ouray County,CO,21.21
08089,Otero County,CO,-26.4
08087,Morgan County,CO,-48.59
08085,Montrose County,CO,-32.6
08083,Montezuma County,CO,-21
08081,Moffat County,CO,-62.82
08079,Mineral County,CO,-13.28
08077,Mesa County,CO,-24.31
08075,Logan County,CO,-56.65
08073,Lincoln County,CO,-64.49
08071,Las Animas County,CO,-13.5
08069,Larimer County,CO,17.6
08067,La Plata County,CO,18.65
08065,Lake County,CO,16.42
08063,Kit Carson County,CO,-68.33
08061,Kiowa County,CO,-74.39
08059,Jefferson County,CO,19.47
08057,Jackson County,CO,-55.28
08055,Huerfano County,CO,-8.58
08053,Hinsdale County,CO,-12.38
08051,Gunnison County,CO,29.23
08049,Grand County,CO,-0.8
08047,Gilpin County,CO,12.71
08045,Garfield County,CO,2.09
08043,Fremont County,CO,-38.43
08041,El Paso County,CO,-9.8
08039,Elbert County,CO,-51.14
08037,Eagle County,CO,24.44
08035,Douglas County,CO,-6.99
08033,Dolores County,CO,-52.92
08031,Denver County,CO,56.15
08029,Delta County,CO,-35.52
08027,Custer County,CO,-36.07
08025,Crowley County,CO,-47.42
08023,Costilla County,CO,14.66
08021,Conejos County,CO,-17.81
08019,Clear Creek County,CO,16.59
08017,Cheyenne County,CO,-77.91
08015,Chaffee County,CO,13.58
08014,Broomfield County,CO,28.53
08013,Boulder County,CO,55.77
08011,Bent County,CO,-38.88
08009,Baca County,CO,-70.41
08007,Archuleta County,CO,-14.05
08005,Arapahoe County,CO,20.1
08003,Alamosa County,CO,-10.81
08001,Adams County,CO,9.01
06115,Yuba County,CA,-25.83
06113,Yolo County,CA,36.25
06111,Ventura County,CA,15.1
06109,Tuolumne County,CA,-21.87
06107,Tulare County,CA,-20.71
06105,Trinity County,CA,-9.39
06103,Tehama County,CA,-41.79
06101,Sutter County,CA,-31.41
06099,Stanislaus County,CA,-10.96
06097,Sonoma County,CA,46.21
06095,Solano County,CA,22.99
06093,Siskiyou County,CA,-19.23
06091,Sierra County,CA,-24.23
06089,Shasta County,CA,-36.46
06087,Santa Cruz County,CA,54.44
06085,Santa Clara County,CA,39.95
06083,Santa Barbara County,CA,26.68
06081,San Mateo County,CA,50.33
06079,San Luis Obispo County,CA,10.87
06077,San Joaquin County,CA,-0.89
06075,San Francisco County,CA,64.8
06073,San Diego County,CA,16.79
06071,San Bernardino County,CA,-2.14
06069,San Benito County,CA,12.58
06067,Sacramento County,CA,19.71
06065,Riverside County,CA,-1.26
06063,Plumas County,CA,-16.94
06061,Placer County,CA,-8.51
06059,Orange County,CA,2.65
06057,Nevada County,CA,12.24
06055,Napa County,CA,34.87
06053,Monterey County,CA,29.88
06051,Mono County,CA,20.25
06049,Modoc County,CA,-46.71
06047,Merced County,CA,-4.36
06045,Mendocino County,CA,26.83
06043,Mariposa County,CA,-21.06
06041,Marin County,CA,63.91
06039,Madera County,CA,-20.8
06037,Los Angeles County,CA,32.92
06035,Lassen County,CA,-54.01
06033,Lake County,CA,-1.37
06031,Kings County,CA,-23.02
06029,Kern County,CA,-21.06
06027,Inyo County,CA,-2.98
06025,Imperial County,CA,-0.86
06023,Humboldt County,CA,28.4
06021,Glenn County,CA,-34.9
06019,Fresno County,CA,-4.39
06017,El Dorado County,CA,-11.98
06015,Del Norte County,CA,-16.4
06013,Contra Costa County,CA,37.95
06011,Colusa County,CA,-28.24
06009,Calaveras County,CA,-28.11
06007,Butte County,CA,-3.12
06005,Amador County,CA,-27.83
06003,Alpine County,CA,31.98
06001,Alameda County,CA,53.56
05149,Yell County,AR,-60.74
05147,Woodruff County,AR,-32.48
05145,White County,AR,-61.2
05143,Washington County,AR,-6.65
05141,Van Buren County,AR,-60.18
05139,Union County,AR,-33.51
05137,Stone County,AR,-61.67
05135,Sharp County,AR,-62.69
05133,Sevier County,AR,-61.73
05131,Sebastian County,AR,-37.55
05129,Searcy County,AR,-72.22
05127,Scott County,AR,-73.52
05125,Saline County,AR,-40.14
05123,St. Francis County,AR,0.74
05121,Randolph County,AR,-63.73
05119,Pulaski County,AR,22.13
05117,Prairie County,AR,-65.75
05115,Pope County,AR,-52.21
05113,Polk County,AR,-70.49
05111,Poinsett County,AR,-63.51
05109,Pike County,AR,-73.11
05107,Phillips County,AR,13.28
05105,Perry County,AR,-57.5
05103,Ouachita County,AR,-19.06
05101,Newton County,AR,-64.16
05099,Nevada County,AR,-39.66
05097,Montgomery County,AR,-63.18
05095,Monroe County,AR,-15.74
05093,Mississippi County,AR,-31.62
05091,Miller County,AR,-51.09
05089,Marion County,AR,-60.23
05087,Madison County,AR,-58.58
05085,Lonoke County,AR,-53.67
05083,Logan County,AR,-62.19
05081,Little River County,AR,-54.3
05079,Lincoln County,AR,-50.09
05077,Lee County,AR,3.53
05075,Lawrence County,AR,-64
05073,Lafayette County,AR,-38.32
05071,Johnson County,AR,-51.43
05069,Jefferson County,AR,20.06
05067,Jackson County,AR,-48.71
05065,Izard County,AR,-65.91
05063,Independence County,AR,-59.48
05061,Howard County,AR,-46.68
05059,Hot Spring County,AR,-52.17
05057,Hempstead County,AR,-39.69
05055,Greene County,AR,-61.2
05053,Grant County,AR,-68.87
05051,Garland County,AR,-36.25
05049,Fulton County,AR,-62.15
05047,Franklin County,AR,-62.4
05045,Faulkner County,AR,-32.32
05043,Drew County,AR,-33.83
05041,Desha County,AR,-4.76
05039,Dallas County,AR,-29.43
05037,Cross County,AR,-47.61
05035,Crittenden County,AR,2.28
05033,Crawford County,AR,-58.16
05031,Craighead County,AR,-37.44
05029,Conway County,AR,-40.32
05027,Columbia County,AR,-36.54
05025,Cleveland County,AR,-67.58
05023,Cleburne County,AR,-67.93
05021,Clay County,AR,-61.63
05019,Clark County,AR,-20.46
05017,Chicot County,AR,3.95
05015,Carroll County,AR,-31.7
05013,Calhoun County,AR,-61.9
05011,Bradley County,AR,-39.02
05009,Boone County,AR,-64.95
05007,Benton County,AR,-26.97
05005,Baxter County,AR,-56.85
05003,Ashley County,AR,-47.95
05001,Arkansas County,AR,-44.13
04027,Yuma County,AZ,-20.41
04025,Yavapai County,AZ,-33.89
04023,Santa Cruz County,AZ,18.65
04021,Pinal County,AZ,-22.08
04019,Pima County,AZ,15.16
04017,Navajo County,AZ,-17.21
04015,Mohave County,AZ,-55.77
04013,Maricopa County,AZ,-3.48
04012,La Paz County,AZ,-44.19
04011,Greenlee County,AZ,-40.93
04009,Graham County,AZ,-48.15
04007,Gila County,AZ,-37.6
04005,Coconino County,AZ,19.88
04003,Cochise County,AZ,-23.15
04001,Apache County,AZ,18.98
02290,Yukon-Koyukuk Census Area,AK,
02282,Yakutat City and Borough,AK,
02275,Wrangell City and Borough,AK,
02240,Southeast Fairbanks Census Area,AK,
02230,Skagway Municipality,AK,
02220,Sitka City and Borough,AK,
02198,Prince of Wales-Hyder Census Area,AK,
02195,Petersburg Borough,AK,
02188,Northwest Arctic Borough,AK,
02185,North Slope Borough,AK,
02180,Nome Census Area,AK,
02170,Matanuska-Susitna Borough,AK,
02164,Lake and Peninsula Borough,AK,
02158,Kusilvak Census Area,AK,
02150,Kodiak Island Borough,AK,
02130,Ketchikan Gateway Borough,AK,
02122,Kenai Peninsula Borough,AK,
02110,Juneau City and Borough,AK,
02105,Hoonah-Angoon Census Area,AK,
02100,Haines Borough,AK,
02090,Fairbanks North Star Borough,AK,
02070,Dillingham Census Area,AK,
02068,Denali Borough,AK,
02066,Copper River Census Area,AK,
02063,Chugach Census Area,AK,
02060,Bristol Bay Borough,AK,
02050,Bethel Census Area,AK,
02020,Anchorage Municipality,AK,12.68
02016,Aleutians West Census Area,AK,15.26
02013,Aleutians East Borough,AK,1.28
01133,Winston County,AL,-83.63
01131,Wilcox County,AL,31.48
01129,Washington County,AL,-55.41
01127,Walker County,AL,-71.81
01125,Tuscaloosa County,AL,-20.41
01123,Tallapoosa County,AL,-49.59
01121,Talladega County,AL,-33.77
01119,Sumter County,AL,41.21
01117,Shelby County,AL,-40.84
01115,St. Clair County,AL,-64.14
01113,Russell County,AL,1.66
01111,Randolph County,AL,-64.85
01109,Pike County,AL,-25.16
01107,Pickens County,AL,-23.34
01105,Perry County,AL,42.74
01103,Morgan County,AL,-52.57
01101,Montgomery County,AL,30.73
01099,Monroe County,AL,-23.14
01097,Mobile County,AL,-16.45
01095,Marshall County,AL,-71.71
01093,Marion County,AL,-81.7
01091,Marengo County,AL,-3.76
01089,Madison County,AL,-8.97
01087,Macon County,AL,56.29
01085,Lowndes County,AL,37.31
01083,Limestone County,AL,-43.89
01081,Lee County,AL,-27.82
01079,Lawrence County,AL,-62.31
01077,Lauderdale County,AL,-51.51
01075,Lamar County,AL,-76.03
01073,Jefferson County,AL,10.44
01071,Jackson County,AL,-71.45
01069,Houston County,AL,-47.78
01067,Henry County,AL,-50.81
01065,Hale County,AL,6.84
01063,Greene County,AL,55.71
01061,Geneva County,AL,-76.98
01059,Franklin County,AL,-73.27
01057,Fayette County,AL,-72
01055,Etowah County,AL,-55.68
01053,Escambia County,AL,-46.35
01051,Elmore County,AL,-52.06
01049,DeKalb County,AL,-73.94
01047,Dallas County,AL,32.5
01045,Dale County,AL,-52.31
01043,Cullman County,AL,-80.52
01041,Crenshaw County,AL,-54.68
01039,Covington County,AL,-72.42
01037,Coosa County,AL,-43.31
01035,Conecuh County,AL,-13.95
01033,Colbert County,AL,-46.43
01031,Coffee County,AL,-57.9
01029,Cleburne County,AL,-83.58
01027,Clay County,AL,-70.16
01025,Clarke County,AL,-17.06
01023,Choctaw County,AL,-23.89
01021,Chilton County,AL,-72.09
01019,Cherokee County,AL,-75.52
01017,Chambers County,AL,-23.25
01015,Calhoun County,AL,-44.75
01013,Butler County,AL,-22.69
01011,Bullock County,AL,45.84
01009,Blount County,AL,-81.02
01007,Bibb County,AL,-64.42
01005,Barbour County,AL,-14.73
01003,Baldwin County,AL,-58.18
01001,Autauga County,AL,-46.28
